date_id,campaign_id,channel_id,leads,accounts_opened,cards_opened,loans_applied,loans_approved,mortgages_applied,mortgages_approved
,,,0,1147,565,153,102,34,19
20251124,CMP01,ch_branch,2,0,0,0,0,0,0
20260218,CMP01,ch_web,1,0,0,0,0,0,0
20260117,CMP01,ch_app,1,0,0,0,0,0,0
20251028,CMP01,ch_app,1,0,0,0,0,0,0
20251116,CMP01,ch_app,1,0,0,0,0,0,0
20251222,CMP01,ch_web,1,0,0,0,0,0,0
20260209,CMP01,ch_branch,1,0,0,0,0,0,0
20260217,CMP01,ch_web,1,0,0,0,0,0,0
20251117,CMP01,ch_branch,2,0,0,0,0,0,0
20251214,CMP01,ch_app,1,0,0,0,0,0,0
20251113,CMP01,ch_app,1,0,0,0,0,0,0
20251022,CMP01,ch_branch,2,0,0,0,0,0,0
20251025,CMP01,ch_web,1,0,0,0,0,0,0
20260123,CMP01,ch_branch,1,0,0,0,0,0,0
20251113,CMP01,ch_branch,1,0,0,0,0,0,0
20260112,CMP01,ch_branch,1,0,0,0,0,0,0
20260109,CMP01,ch_branch,1,0,0,0,0,0,0
20260126,CMP01,ch_branch,1,0,0,0,0,0,0
20260220,CMP01,ch_web,1,0,0,0,0,0,0
20260201,CMP01,ch_app,1,0,0,0,0,0,0
20260211,CMP01,ch_app,1,0,0,0,0,0,0
20260108,CMP01,ch_web,1,0,0,0,0,0,0
20251210,CMP01,ch_app,1,0,0,0,0,0,0
20260122,CMP01,ch_branch,1,0,0,0,0,0,0
20251218,CMP01,ch_web,1,0,0,0,0,0,0
20260211,CMP01,ch_web,1,0,0,0,0,0,0
20251229,CMP01,ch_web,1,0,0,0,0,0,0
20260130,CMP01,ch_web,1,0,0,0,0,0,0
20260121,CMP01,ch_branch,1,0,0,0,0,0,0
20251110,CMP01,ch_branch,1,0,0,0,0,0,0
20251129,CMP01,ch_app,1,0,0,0,0,0,0
20260121,CMP01,ch_web,1,0,0,0,0,0,0
20251227,CMP01,ch_branch,2,0,0,0,0,0,0
20260104,CMP01,ch_branch,1,0,0,0,0,0,0
20251101,CMP01,ch_web,1,0,0,0,0,0,0
20251123,CMP01,ch_app,1,0,0,0,0,0,0
20251125,CMP01,ch_web,1,0,0,0,0,0,0
20251212,CMP01,ch_branch,1,0,0,0,0,0,0
20251115,CMP01,ch_app,1,0,0,0,0,0,0
20251228,CMP01,ch_app,1,0,0,0,0,0,0
20251124,CMP01,ch_app,1,0,0,0,0,0,0
20260122,CMP01,ch_app,1,0,0,0,0,0,0
20260102,CMP01,ch_web,1,0,0,0,0,0,0
20251023,CMP01,ch_web,1,0,0,0,0,0,0
20251128,CMP01,ch_web,1,0,0,0,0,0,0
20251110,CMP01,ch_app,1,0,0,0,0,0,0
20260203,CMP01,ch_app,1,0,0,0,0,0,0
20251102,CMP01,ch_app,1,0,0,0,0,0,0
20260106,CMP01,ch_web,2,1,1,0,0,0,0
20251122,CMP01,ch_branch,1,1,1,0,0,0,0
20251126,CMP01,ch_web,1,1,0,0,0,1,0
20251221,CMP01,ch_branch,1,1,0,0,0,0,0
20260126,CMP01,ch_app,1,1,1,0,0,0,0
20260115,CMP01,ch_branch,2,1,1,1,1,0,0
20251109,CMP01,ch_web,1,1,0,0,0,0,0
20251221,CMP01,ch_web,1,1,1,0,0,0,0
20251121,CMP01,ch_web,2,1,0,0,0,0,0
20260114,CMP01,ch_web,2,1,1,0,0,0,0
20251112,CMP01,ch_web,1,1,0,1,1,0,0
20251220,CMP01,ch_web,1,1,0,0,0,0,0
20260212,CMP01,ch_branch,1,1,0,0,0,0,0
20251021,CMP01,ch_web,1,1,0,0,0,0,0
20251209,CMP01,ch_branch,1,1,1,0,0,0,0
20251219,CMP01,ch_web,1,1,0,0,0,0,0
20251223,CMP01,ch_app,1,1,0,0,0,0,0
20251110,CMP01,ch_web,1,1,0,1,1,0,0
20260124,CMP01,ch_app,1,1,1,0,0,0,0
20260111,CMP01,ch_web,3,1,1,0,0,0,0
20260118,CMP01,ch_web,1,1,0,0,0,0,0
20260107,CMP01,ch_app,1,1,1,0,0,0,0
20251201,CMP01,ch_app,1,1,0,0,0,0,0
20251106,CMP01,ch_web,1,1,0,0,0,0,0
20251214,CMP01,ch_web,1,1,0,0,0,0,0
20260128,CMP01,ch_web,1,1,1,0,0,0,0
20251226,CMP01,ch_branch,2,1,1,0,0,0,0
20251019,CMP01,ch_web,1,1,0,0,0,0,0
20251122,CMP01,ch_app,1,1,0,0,0,0,0
20251220,CMP01,ch_app,1,1,0,0,0,1,1
20251219,CMP01,ch_branch,1,1,0,0,0,0,0
20260218,CMP01,ch_app,1,1,1,0,0,0,0
20251114,CMP01,ch_web,1,1,0,0,0,0,0
20251214,CMP01,ch_branch,1,1,0,0,0,0,0
20260131,CMP01,ch_app,1,1,0,0,0,0,0
20260205,CMP01,ch_branch,2,1,1,0,0,0,0
20260206,CMP01,ch_web,1,1,0,0,0,0,0
20260223,CMP01,ch_web,1,1,0,0,0,0,0
20251210,CMP01,ch_branch,1,1,0,0,0,0,0
20260116,CMP01,ch_web,1,1,0,0,0,0,0
20251120,CMP01,ch_branch,1,1,1,0,0,0,0
20260126,CMP01,ch_web,1,1,1,0,0,0,0
20251030,CMP01,ch_branch,3,1,1,0,0,0,0
20251107,CMP01,ch_branch,1,1,1,0,0,0,0
20260212,CMP01,ch_web,2,1,0,0,0,0,0
20260210,CMP01,ch_app,1,1,0,0,0,0,0
20251126,CMP01,ch_branch,2,1,1,0,0,1,1
20251203,CMP01,ch_web,2,1,1,0,0,0,0
20260130,CMP01,ch_app,1,1,1,0,0,0,0
20260206,CMP01,ch_app,1,1,0,0,0,0,0
20251105,CMP01,ch_web,1,1,0,0,0,0,0
20251117,CMP01,ch_web,1,1,1,0,0,0,0
20260209,CMP01,ch_app,1,1,0,0,0,0,0
20251103,CMP01,ch_web,1,1,0,0,0,0,0
20251111,CMP01,ch_web,1,1,0,0,0,0,0
20260110,CMP01,ch_web,1,1,0,0,0,0,0
20260205,CMP01,ch_app,1,1,0,0,0,0,0
20260105,CMP01,ch_web,1,1,1,0,0,0,0
20260109,CMP01,ch_app,1,1,1,0,0,0,0
20251206,CMP01,ch_web,2,1,0,0,0,0,0
20260116,CMP01,ch_app,2,1,0,0,0,0,0
20251029,CMP01,ch_web,1,1,1,0,0,0,0
20251115,CMP01,ch_web,1,1,1,0,0,0,0
20260129,CMP01,ch_web,1,1,1,0,0,0,0
20260221,CMP01,ch_web,2,1,0,1,1,0,0
20251107,CMP01,ch_web,1,1,0,0,0,0,0
20251229,CMP01,ch_branch,1,1,1,0,0,0,0
20251118,CMP01,ch_app,2,1,0,0,0,0,0
20251204,CMP01,ch_app,2,1,0,0,0,0,0
20260303,CMP01,ch_web,1,1,0,0,0,0,0
20251128,CMP01,ch_app,1,1,1,0,0,0,0
20251101,CMP01,ch_app,1,1,0,0,0,0,0
20260131,CMP01,ch_web,1,1,1,1,1,0,0
20260213,CMP01,ch_web,1,1,0,0,0,0,0
20251112,CMP01,ch_app,2,1,0,0,0,0,0
20251024,CMP01,ch_branch,1,1,0,0,0,0,0
20251104,CMP01,ch_web,1,1,0,0,0,0,0
20251225,CMP01,ch_web,1,1,1,0,0,0,0
20260226,CMP01,ch_app,1,1,1,0,0,0,0
20251125,CMP01,ch_app,1,1,1,0,0,0,0
20251212,CMP01,ch_web,1,1,0,0,0,0,0
20251217,CMP01,ch_web,1,1,0,0,0,0,0
20260106,CMP01,ch_branch,1,1,1,0,0,0,0
20251109,CMP01,ch_app,1,1,0,0,0,0,0
20260114,CMP01,ch_branch,1,1,1,0,0,0,0
20260214,CMP01,ch_web,1,1,0,0,0,0,0
20251129,CMP01,ch_web,2,1,1,0,0,0,0
20260203,CMP01,ch_web,2,1,0,0,0,0,0
20251020,CMP01,ch_branch,1,1,1,0,0,0,0
20251121,CMP01,ch_app,1,1,1,0,0,0,0
20251207,CMP01,ch_app,1,1,1,0,0,0,0
20251223,CMP01,ch_web,1,1,1,0,0,0,0
20251204,CMP01,ch_web,1,1,0,0,0,0,0
20251129,CMP01,ch_branch,2,1,1,0,0,0,0
20260108,CMP01,ch_app,1,1,1,0,0,0,0
20260129,CMP01,ch_app,1,1,0,0,0,0,0
20260216,CMP01,ch_web,1,1,0,0,0,0,0
20251216,CMP01,ch_web,1,1,0,0,0,0,0
20251215,CMP01,ch_web,1,1,1,0,0,0,0
20251209,CMP01,ch_app,1,1,1,0,0,1,0
20260120,CMP01,ch_branch,1,1,0,0,0,0,0
20251204,CMP01,ch_branch,2,1,1,0,0,0,0
20251104,CMP01,ch_branch,1,1,1,0,0,0,0
20251123,CMP01,ch_branch,1,1,1,0,0,0,0
20251120,CMP01,ch_app,1,1,1,0,0,0,0
20260124,CMP01,ch_web,1,1,1,0,0,0,0
20251127,CMP01,ch_web,2,1,0,0,0,0,0
20260226,CMP01,ch_web,2,1,1,0,0,0,0
20251127,CMP01,ch_app,2,1,0,1,1,0,0
20251207,CMP01,ch_web,2,1,1,0,0,0,0
20251027,CMP01,ch_app,1,1,0,0,0,0,0
20251205,CMP01,ch_branch,1,1,0,0,0,0,0
20251218,CMP01,ch_app,1,1,0,0,0,0,0
20260105,CMP01,ch_branch,1,1,0,0,0,0,0
20260128,CMP01,ch_branch,1,1,1,0,0,0,0
20251209,CMP01,ch_web,2,1,0,0,0,0,0
20260205,CMP01,ch_web,2,1,0,0,0,0,0
20260225,CMP01,ch_app,2,1,1,0,0,0,0
20251126,CMP01,ch_app,1,1,0,0,0,1,0
20251031,CMP01,ch_app,1,1,1,0,0,0,0
20251031,CMP01,ch_web,1,1,0,0,0,0,0
20251114,CMP01,ch_branch,1,1,1,0,0,0,0
20260219,CMP01,ch_branch,1,1,1,0,0,0,0
20251120,CMP01,ch_web,2,2,1,0,0,0,0
20251030,CMP01,ch_web,2,2,2,0,0,0,0
20260209,CMP01,ch_web,2,2,0,0,0,0,0
20251211,CMP01,ch_app,2,2,2,1,0,0,0
20260102,CMP01,ch_app,2,2,0,0,0,0,0
20260109,CMP01,ch_web,2,2,0,0,0,0,0
20251116,CMP01,ch_branch,2,2,1,0,0,0,0
20251116,CMP01,ch_web,2,2,1,0,0,0,0
20251201,CMP01,ch_web,2,2,1,0,0,0,0
20251111,CMP01,ch_branch,2,2,1,1,1,1,1
20260210,CMP01,ch_web,3,2,0,0,0,0,0
20251230,CMP01,ch_web,3,2,0,0,0,0,0
20251113,CMP01,ch_web,2,2,1,0,0,0,0
20251202,CMP01,ch_web,2,2,2,1,0,0,0
20260215,CMP01,ch_app,3,2,1,0,0,0,0
20260112,CMP01,ch_web,2,2,2,0,0,0,0
20260204,CMP01,ch_web,2,2,0,0,0,0,0
20260123,CMP01,ch_web,3,2,2,0,0,0,0
20251130,CMP01,ch_web,2,2,0,1,0,0,0
20260119,CMP01,ch_web,2,2,0,0,0,0,0
20260202,CMP01,ch_web,2,2,1,0,0,0,0
20251228,CMP01,ch_web,2,2,0,0,0,0,0
20260113,CMP01,ch_branch,2,2,1,0,0,0,0
20260101,CMP01,ch_web,3,2,0,0,0,0,0
20260125,CMP01,ch_app,2,2,1,1,1,0,0
20251121,CMP01,ch_branch,4,2,1,0,0,0,0
20251123,CMP01,ch_web,3,2,1,0,0,0,0
20260108,CMP01,ch_branch,2,2,1,1,1,0,0
20251122,CMP01,ch_web,2,2,0,0,0,0,0
20251205,CMP01,ch_web,3,2,1,0,0,0,0
20260103,CMP01,ch_app,2,2,1,0,0,0,0
20251119,CMP01,ch_web,3,3,1,0,0,0,0
20260127,CMP01,ch_branch,3,3,1,0,0,1,1
20260113,CMP01,ch_web,3,3,1,0,0,0,0
20260127,CMP01,ch_web,4,3,2,0,0,0,0
20260125,CMP01,ch_web,4,4,1,1,1,0,0
20251231,CMP01,ch_web,4,4,0,1,0,0,0
20251112,CMP02,ch_web,1,0,0,0,0,0,0
20251208,CMP02,ch_web,1,0,0,0,0,0,0
20260107,CMP02,ch_app,1,0,0,0,0,0,0
20251106,CMP02,ch_app,2,0,0,0,0,0,0
20251024,CMP02,ch_branch,1,0,0,0,0,0,0
20251105,CMP02,ch_branch,1,0,0,0,0,0,0
20251203,CMP02,ch_branch,1,0,0,0,0,0,0
20260211,CMP02,ch_web,1,0,0,0,0,0,0
20260118,CMP02,ch_branch,1,0,0,0,0,0,0
20251217,CMP02,ch_branch,1,0,0,0,0,0,0
20251221,CMP02,ch_web,1,0,0,0,0,0,0
20251101,CMP02,ch_app,1,0,0,0,0,0,0
20260104,CMP02,ch_branch,1,0,0,0,0,0,0
20260123,CMP02,ch_web,1,0,0,0,0,0,0
20260115,CMP02,ch_app,1,0,0,0,0,0,0
20251204,CMP02,ch_branch,1,0,0,0,0,0,0
20251124,CMP02,ch_web,1,0,0,0,0,0,0
20251125,CMP02,ch_app,1,0,0,0,0,0,0
20251116,CMP02,ch_app,1,0,0,0,0,0,0
20260123,CMP02,ch_branch,1,0,0,0,0,0,0
20251220,CMP02,ch_app,1,0,0,0,0,0,0
20251103,CMP02,ch_branch,1,0,0,0,0,0,0
20260122,CMP02,ch_web,1,0,0,0,0,0,0
20251130,CMP02,ch_web,1,0,0,0,0,0,0
20251117,CMP02,ch_app,1,0,0,0,0,0,0
20251212,CMP02,ch_web,1,0,0,0,0,0,0
20260128,CMP02,ch_web,1,0,0,0,0,0,0
20251109,CMP02,ch_web,1,0,0,0,0,0,0
20260227,CMP02,ch_app,1,0,0,0,0,0,0
20251213,CMP02,ch_web,1,0,0,0,0,0,0
20251213,CMP02,ch_app,1,0,0,0,0,0,0
20260102,CMP02,ch_app,1,0,0,0,0,0,0
20251106,CMP02,ch_web,1,0,0,0,0,0,0
20251217,CMP02,ch_web,1,0,0,0,0,0,0
20260214,CMP02,ch_app,1,0,0,0,0,0,0
20251211,CMP02,ch_app,1,0,0,0,0,0,0
20251221,CMP02,ch_app,1,0,0,0,0,0,0
20251204,CMP02,ch_app,1,0,0,0,0,0,0
20251220,CMP02,ch_web,1,0,0,0,0,0,0
20260117,CMP02,ch_web,2,1,1,0,0,0,0
20251225,CMP02,ch_branch,1,1,0,0,0,0,0
20260103,CMP02,ch_web,2,1,0,0,0,0,0
20251102,CMP02,ch_app,1,1,1,0,0,0,0
20251026,CMP02,ch_web,1,1,0,0,0,0,0
20251130,CMP02,ch_branch,1,1,0,0,0,0,0
20260113,CMP02,ch_web,1,1,1,0,0,0,0
20260115,CMP02,ch_web,1,1,0,0,0,0,0
20260216,CMP02,ch_web,1,1,1,0,0,0,0
20260218,CMP02,ch_web,1,1,0,0,0,0,0
20251117,CMP02,ch_branch,1,1,0,0,0,0,0
20260104,CMP02,ch_app,1,1,0,0,0,0,0
20260209,CMP02,ch_branch,1,1,1,0,0,0,0
20260214,CMP02,ch_web,1,1,0,0,0,0,0
20260210,CMP02,ch_web,2,1,1,0,0,0,0
20260122,CMP02,ch_branch,1,1,0,0,0,0,0
20251116,CMP02,ch_web,2,1,0,0,0,0,0
20251129,CMP02,ch_web,2,1,1,1,0,0,0
20251218,CMP02,ch_web,2,1,0,1,1,0,0
20260206,CMP02,ch_web,2,1,0,0,0,0,0
20260207,CMP02,ch_web,1,1,0,0,0,0,0
20260216,CMP02,ch_app,1,1,1,0,0,0,0
20251128,CMP02,ch_app,1,1,1,0,0,0,0
20260223,CMP02,ch_app,1,1,1,0,0,0,0
20251029,CMP02,ch_branch,1,1,0,0,0,0,0
20251121,CMP02,ch_web,1,1,1,0,0,0,0
20251209,CMP02,ch_app,1,1,1,0,0,0,0
20251227,CMP02,ch_web,1,1,0,0,0,0,0
20251118,CMP02,ch_web,1,1,0,0,0,0,0
20251107,CMP02,ch_app,1,1,0,0,0,0,0
20251226,CMP02,ch_app,1,1,1,0,0,0,0
20260103,CMP02,ch_app,1,1,0,0,0,0,0
20260109,CMP02,ch_web,1,1,1,0,0,0,0
20260106,CMP02,ch_web,2,1,1,0,0,0,0
20251026,CMP02,ch_app,1,1,0,0,0,0,0
20251101,CMP02,ch_web,1,1,0,0,0,0,0
20251101,CMP02,ch_branch,1,1,1,1,0,0,0
20251129,CMP02,ch_app,1,1,0,0,0,0,0
20260206,CMP02,ch_branch,1,1,1,0,0,0,0
20251113,CMP02,ch_web,1,1,0,0,0,0,0
20251129,CMP02,ch_branch,1,1,1,0,0,0,0
20251119,CMP02,ch_branch,2,1,1,0,0,0,0
20251209,CMP02,ch_branch,1,1,1,1,1,0,0
20260131,CMP02,ch_branch,1,1,1,0,0,0,0
20251127,CMP02,ch_branch,1,1,0,0,0,0,0
20251229,CMP02,ch_app,1,1,0,0,0,0,0
20260213,CMP02,ch_app,1,1,0,0,0,1,1
20260116,CMP02,ch_branch,2,1,1,0,0,0,0
20260210,CMP02,ch_app,1,1,0,0,0,0,0
20260218,CMP02,ch_app,1,1,1,0,0,0,0
20251211,CMP02,ch_web,2,1,1,0,0,0,0
20260204,CMP02,ch_web,2,1,0,0,0,0,0
20251222,CMP02,ch_branch,1,1,1,0,0,0,0
20260110,CMP02,ch_web,1,1,0,0,0,0,0
20251223,CMP02,ch_branch,1,1,1,0,0,0,0
20251223,CMP02,ch_web,1,1,0,0,0,0,0
20260205,CMP02,ch_branch,1,1,1,0,0,0,0
20260212,CMP02,ch_branch,1,1,1,0,0,0,0
20260228,CMP02,ch_branch,1,1,1,0,0,0,0
20260123,CMP02,ch_app,1,1,0,0,0,0,0
20260202,CMP02,ch_web,1,1,0,0,0,0,0
20260226,CMP02,ch_app,1,1,0,0,0,0,0
20260217,CMP02,ch_app,1,1,0,0,0,0,0
20260119,CMP02,ch_web,1,1,1,0,0,0,0
20260131,CMP02,ch_web,1,1,0,0,0,0,0
20251221,CMP02,ch_branch,2,1,1,0,0,0,0
20260212,CMP02,ch_app,1,1,1,0,0,0,0
20260224,CMP02,ch_web,1,1,1,0,0,0,0
20260112,CMP02,ch_branch,2,1,1,0,0,0,0
20260301,CMP02,ch_web,1,1,0,0,0,0,0
20251214,CMP02,ch_web,2,1,0,0,0,0,0
20260101,CMP02,ch_web,2,1,1,0,0,0,0
20260204,CMP02,ch_app,3,1,1,0,0,0,0
20260117,CMP02,ch_branch,1,1,1,0,0,0,0
20251113,CMP02,ch_branch,1,1,1,0,0,0,0
20260218,CMP02,ch_branch,1,1,0,1,0,0,0
20251202,CMP02,ch_web,2,1,0,1,0,0,0
20260204,CMP02,ch_branch,2,1,0,0,0,0,0
20251201,CMP02,ch_web,1,1,0,0,0,0,0
20260103,CMP02,ch_branch,1,1,1,1,0,0,0
20260128,CMP02,ch_app,1,1,0,0,0,0,0
20260221,CMP02,ch_web,1,1,0,0,0,0,0
20251229,CMP02,ch_web,1,1,1,0,0,0,0
20251217,CMP02,ch_app,2,1,1,0,0,0,0
20260124,CMP02,ch_branch,1,1,1,0,0,0,0
20251229,CMP02,ch_branch,1,1,0,0,0,0,0
20251127,CMP02,ch_web,1,1,1,0,0,0,0
20251202,CMP02,ch_branch,1,1,1,1,0,0,0
20251218,CMP02,ch_app,1,1,1,0,0,0,0
20260107,CMP02,ch_web,3,1,1,0,0,0,0
20251226,CMP02,ch_branch,1,1,1,0,0,0,0
20251226,CMP02,ch_web,1,1,1,0,0,0,0
20260113,CMP02,ch_branch,1,1,0,0,0,0,0
20251027,CMP02,ch_app,1,1,0,0,0,0,0
20260108,CMP02,ch_app,1,1,0,0,0,0,0
20260122,CMP02,ch_app,1,1,0,0,0,0,0
20260223,CMP02,ch_web,1,1,0,0,0,0,0
20251025,CMP02,ch_web,1,1,0,0,0,0,0
20260114,CMP02,ch_web,1,1,0,1,1,0,0
20260124,CMP02,ch_web,2,1,1,1,1,0,0
20251210,CMP02,ch_app,1,1,0,0,0,0,0
20260225,CMP02,ch_web,1,1,1,0,0,0,0
20251228,CMP02,ch_web,2,1,0,0,0,0,0
20260102,CMP02,ch_web,2,1,1,0,0,0,0
20251114,CMP02,ch_app,1,1,0,1,1,0,0
20260120,CMP02,ch_branch,2,1,1,0,0,0,0
20260303,CMP02,ch_web,1,1,0,0,0,0,0
20260203,CMP02,ch_web,2,1,1,0,0,0,0
20251020,CMP02,ch_web,1,1,0,0,0,0,0
20251128,CMP02,ch_branch,1,1,1,0,0,0,0
20251210,CMP02,ch_branch,1,1,1,0,0,0,0
20260208,CMP02,ch_app,1,1,1,0,0,0,0
20251120,CMP02,ch_app,1,1,0,1,0,0,0
20251224,CMP02,ch_branch,1,1,0,0,0,0,0
20260215,CMP02,ch_branch,1,1,1,0,0,0,0
20251107,CMP02,ch_web,2,1,1,0,0,0,0
20251230,CMP02,ch_branch,1,1,0,0,0,0,0
20260128,CMP02,ch_branch,1,1,1,0,0,0,0
20251126,CMP02,ch_app,2,1,0,1,1,0,0
20251209,CMP02,ch_web,1,1,1,0,0,0,0
20260214,CMP02,ch_branch,1,1,1,1,0,0,0
20251027,CMP02,ch_web,2,1,0,0,0,0,0
20260112,CMP02,ch_web,2,1,0,0,0,0,0
20251130,CMP02,ch_app,2,1,1,0,0,0,0
20260126,CMP02,ch_web,2,1,0,0,0,0,0
20251230,CMP02,ch_app,1,1,0,0,0,0,0
20251227,CMP02,ch_branch,2,2,0,0,0,0,0
20251219,CMP02,ch_branch,3,2,1,1,1,0,0
20251128,CMP02,ch_web,2,2,0,0,0,0,0
20260219,CMP02,ch_web,2,2,1,0,0,0,0
20251215,CMP02,ch_web,2,2,1,0,0,0,0
20251231,CMP02,ch_web,3,2,1,0,0,0,0
20251119,CMP02,ch_web,4,2,1,0,0,0,0
20260209,CMP02,ch_web,2,2,1,0,0,0,0
20251210,CMP02,ch_web,3,2,1,0,0,0,0
20260208,CMP02,ch_branch,2,2,1,0,0,0,0
20260202,CMP02,ch_app,2,2,1,0,0,0,0
20260126,CMP02,ch_app,4,2,1,0,0,0,0
20251108,CMP02,ch_web,2,2,0,0,0,0,0
20251206,CMP02,ch_web,2,2,1,0,0,0,0
20251205,CMP02,ch_web,5,2,1,0,0,0,0
20251107,CMP02,ch_branch,2,2,0,1,1,0,0
20260129,CMP02,ch_web,2,2,1,0,0,0,0
20251207,CMP02,ch_web,2,2,0,0,0,1,1
20251222,CMP02,ch_app,2,2,1,1,1,0,0
20260121,CMP02,ch_web,2,2,1,0,0,0,0
20251104,CMP02,ch_web,2,2,0,0,0,1,1
20260108,CMP02,ch_web,3,2,1,0,0,0,0
20251206,CMP02,ch_app,2,2,1,0,0,0,0
20251114,CMP02,ch_web,3,2,2,0,0,0,0
20251203,CMP02,ch_web,2,2,0,0,0,0,0
20260109,CMP02,ch_app,2,2,2,0,0,1,1
20251216,CMP02,ch_web,4,3,2,0,0,0,0
20251224,CMP02,ch_web,3,3,3,0,0,0,0
20260130,CMP02,ch_web,4,3,3,1,1,0,0
20251120,CMP02,ch_web,3,3,2,1,0,0,0
20251222,CMP02,ch_web,3,3,1,0,0,0,0
20251110,CMP02,ch_web,5,3,2,0,0,0,0
20251115,CMP02,ch_web,3,3,1,1,1,0,0
20260120,CMP02,ch_web,3,3,1,0,0,0,0
20260218,CMP03,ch_branch,1,0,0,0,0,0,0
20251225,CMP03,ch_web,1,0,0,0,0,0,0
20260127,CMP03,ch_app,1,0,0,0,0,0,0
20260110,CMP03,ch_branch,2,0,0,0,0,0,0
20251023,CMP03,ch_branch,1,0,0,0,0,0,0
20251216,CMP03,ch_app,1,0,0,0,0,0,0
20260202,CMP03,ch_web,2,0,0,0,0,0,0
20251214,CMP03,ch_app,1,0,0,0,0,0,0
20260208,CMP03,ch_app,1,0,0,0,0,0,0
20251219,CMP03,ch_app,1,0,0,0,0,0,0
20251027,CMP03,ch_web,1,0,0,0,0,0,0
20260208,CMP03,ch_branch,1,0,0,0,0,0,0
20251202,CMP03,ch_web,1,0,0,0,0,0,0
20251231,CMP03,ch_web,1,0,0,0,0,0,0
20260224,CMP03,ch_web,1,0,0,0,0,0,0
20251113,CMP03,ch_app,2,0,0,0,0,0,0
20260118,CMP03,ch_branch,1,0,0,0,0,0,0
20251106,CMP03,ch_branch,1,0,0,0,0,0,0
20251108,CMP03,ch_web,1,0,0,0,0,0,0
20251126,CMP03,ch_app,1,0,0,0,0,0,0
20260123,CMP03,ch_app,1,0,0,0,0,0,0
20260216,CMP03,ch_web,2,0,0,0,0,0,0
20251226,CMP03,ch_web,1,0,0,0,0,0,0
20251123,CMP03,ch_app,1,0,0,0,0,0,0
20251202,CMP03,ch_branch,1,0,0,0,0,0,0
20260125,CMP03,ch_branch,2,0,0,0,0,0,0
20260204,CMP03,ch_web,1,0,0,0,0,0,0
20251227,CMP03,ch_app,1,0,0,0,0,0,0
20260203,CMP03,ch_branch,1,0,0,0,0,0,0
20251114,CMP03,ch_branch,2,0,0,0,0,0,0
20251127,CMP03,ch_web,1,0,0,0,0,0,0
20251102,CMP03,ch_web,2,0,0,0,0,0,0
20260304,CMP03,ch_web,1,0,0,0,0,0,0
20260105,CMP03,ch_branch,1,0,0,0,0,0,0
20251103,CMP03,ch_web,2,0,0,0,0,0,0
20260215,CMP03,ch_branch,1,0,0,0,0,0,0
20251212,CMP03,ch_app,1,1,1,0,0,0,0
20260101,CMP03,ch_web,1,1,1,1,1,0,0
20260122,CMP03,ch_web,1,1,0,0,0,0,0
20260130,CMP03,ch_app,1,1,1,0,0,0,0
20260121,CMP03,ch_web,2,1,0,1,1,0,0
20251029,CMP03,ch_app,1,1,1,0,0,0,0
20251128,CMP03,ch_branch,1,1,1,0,0,1,0
20260109,CMP03,ch_app,1,1,0,0,0,0,0
20260210,CMP03,ch_branch,1,1,1,0,0,0,0
20260222,CMP03,ch_web,2,1,1,0,0,0,0
20260223,CMP03,ch_app,1,1,0,0,0,0,0
20251227,CMP03,ch_branch,1,1,0,0,0,0,0
20260114,CMP03,ch_app,1,1,0,0,0,0,0
20251210,CMP03,ch_branch,2,1,1,0,0,0,0
20251109,CMP03,ch_web,1,1,1,0,0,0,0
20260115,CMP03,ch_web,1,1,1,0,0,0,0
20251111,CMP03,ch_web,1,1,0,0,0,0,0
20260121,CMP03,ch_app,1,1,1,0,0,0,0
20251222,CMP03,ch_web,1,1,1,0,0,0,0
20260105,CMP03,ch_web,1,1,0,0,0,0,0
20260212,CMP03,ch_web,2,1,0,0,0,0,0
20251104,CMP03,ch_branch,1,1,1,0,0,0,0
20251213,CMP03,ch_branch,1,1,0,1,1,0,0
20260207,CMP03,ch_web,1,1,0,0,0,0,0
20260221,CMP03,ch_web,1,1,0,0,0,0,0
20260112,CMP03,ch_branch,1,1,1,0,0,0,0
20260107,CMP03,ch_app,2,1,1,0,0,0,0
20260126,CMP03,ch_app,2,1,1,0,0,0,0
20260217,CMP03,ch_app,1,1,0,1,0,0,0
20251117,CMP03,ch_web,2,1,0,0,0,0,0
20251025,CMP03,ch_web,1,1,0,0,0,0,0
20251130,CMP03,ch_app,1,1,0,0,0,0,0
20260213,CMP03,ch_app,1,1,1,0,0,0,0
20260216,CMP03,ch_branch,1,1,1,0,0,0,0
20260117,CMP03,ch_web,2,1,0,0,0,0,0
20260218,CMP03,ch_app,1,1,0,0,0,0,0
20251224,CMP03,ch_branch,1,1,1,0,0,0,0
20260202,CMP03,ch_app,1,1,0,0,0,0,0
20260215,CMP03,ch_web,1,1,0,0,0,0,0
20260225,CMP03,ch_branch,1,1,0,0,0,0,0
20251120,CMP03,ch_app,1,1,0,0,0,0,0
20260109,CMP03,ch_web,1,1,0,0,0,0,0
20260211,CMP03,ch_web,1,1,0,1,1,0,0
20260102,CMP03,ch_web,1,1,0,1,0,0,0
20260112,CMP03,ch_app,1,1,0,0,0,0,0
20260213,CMP03,ch_web,1,1,0,0,0,0,0
20251213,CMP03,ch_web,2,1,0,1,0,0,0
20260209,CMP03,ch_web,1,1,0,0,0,0,0
20260227,CMP03,ch_web,1,1,1,0,0,0,0
20251202,CMP03,ch_app,1,1,1,1,1,0,0
20251119,CMP03,ch_branch,2,1,1,0,0,0,0
20251208,CMP03,ch_web,2,1,1,0,0,0,0
20260205,CMP03,ch_web,1,1,1,0,0,0,0
20260225,CMP03,ch_web,1,1,1,0,0,0,0
20251123,CMP03,ch_web,1,1,1,0,0,0,0
20251122,CMP03,ch_branch,1,1,1,0,0,0,0
20260210,CMP03,ch_web,1,1,1,0,0,0,0
20251118,CMP03,ch_app,1,1,0,0,0,0,0
20260214,CMP03,ch_web,1,1,0,1,0,0,0
20260124,CMP03,ch_web,3,1,0,0,0,0,0
20260127,CMP03,ch_branch,1,1,1,0,0,0,0
20260116,CMP03,ch_web,1,1,1,0,0,0,0
20260120,CMP03,ch_branch,1,1,0,1,1,0,0
20251101,CMP03,ch_branch,1,1,0,1,1,0,0
20260113,CMP03,ch_app,1,1,1,0,0,0,0
20260113,CMP03,ch_web,2,1,1,1,1,0,0
20251217,CMP03,ch_web,1,1,0,0,0,0,0
20251221,CMP03,ch_branch,1,1,1,0,0,0,0
20260101,CMP03,ch_branch,1,1,0,0,0,0,0
20260225,CMP03,ch_app,1,1,0,0,0,0,0
20251229,CMP03,ch_branch,1,1,0,0,0,0,0
20260220,CMP03,ch_branch,2,1,1,0,0,0,0
20251218,CMP03,ch_app,1,1,0,0,0,0,0
20251223,CMP03,ch_app,1,1,0,0,0,0,0
20260210,CMP03,ch_app,1,1,0,0,0,0,0
20260129,CMP03,ch_branch,3,1,0,0,0,0,0
20251116,CMP03,ch_branch,1,1,0,0,0,0,0
20251120,CMP03,ch_branch,1,1,0,0,0,0,0
20251117,CMP03,ch_app,1,1,1,0,0,0,0
20251203,CMP03,ch_web,1,1,0,0,0,1,0
20260205,CMP03,ch_app,1,1,0,0,0,0,0
20251114,CMP03,ch_web,3,1,1,0,0,0,0
20251129,CMP03,ch_web,2,1,0,0,0,0,0
20260127,CMP03,ch_web,2,1,1,0,0,0,0
20251031,CMP03,ch_web,2,1,0,1,1,0,0
20251106,CMP03,ch_app,1,1,0,0,0,0,0
20251124,CMP03,ch_web,1,1,1,0,0,0,0
20251201,CMP03,ch_app,1,1,1,1,1,0,0
20251215,CMP03,ch_branch,1,1,0,0,0,0,0
20251211,CMP03,ch_web,1,1,0,0,0,0,0
20251226,CMP03,ch_app,1,1,0,0,0,0,0
20260125,CMP03,ch_app,1,1,1,0,0,0,0
20251101,CMP03,ch_app,2,1,1,0,0,0,0
20260115,CMP03,ch_app,1,1,0,0,0,0,0
20251022,CMP03,ch_web,1,1,0,0,0,0,0
20251120,CMP03,ch_web,1,1,0,0,0,0,0
20251127,CMP03,ch_branch,1,1,1,0,0,0,0
20251229,CMP03,ch_web,1,1,1,0,0,0,0
20260131,CMP03,ch_branch,1,1,1,0,0,0,0
20251205,CMP03,ch_app,1,1,0,0,0,0,0
20260120,CMP03,ch_app,1,1,1,0,0,0,0
20251106,CMP03,ch_web,1,1,0,0,0,0,0
20251223,CMP03,ch_branch,1,1,0,0,0,0,0
20260202,CMP03,ch_branch,1,1,0,1,1,0,0
20260207,CMP03,ch_branch,1,1,1,0,0,0,0
20251105,CMP03,ch_branch,2,1,1,1,1,0,0
20260227,CMP03,ch_app,2,1,1,0,0,0,0
20251031,CMP03,ch_branch,1,1,0,0,0,0,0
20251110,CMP03,ch_app,1,1,0,0,0,0,0
20251216,CMP03,ch_web,1,1,1,0,0,0,0
20251223,CMP03,ch_web,1,1,1,0,0,0,0
20260105,CMP03,ch_app,1,1,1,0,0,0,0
20260122,CMP03,ch_branch,1,1,1,0,0,0,0
20251110,CMP03,ch_web,1,1,1,0,0,1,0
20260128,CMP03,ch_web,1,1,0,1,1,0,0
20251207,CMP03,ch_web,1,1,0,0,0,0,0
20251105,CMP03,ch_web,1,1,0,0,0,0,0
20251204,CMP03,ch_web,1,1,0,0,0,0,0
20251231,CMP03,ch_branch,1,1,1,0,0,0,0
20251205,CMP03,ch_web,1,1,1,1,0,0,0
20260130,CMP03,ch_branch,1,1,0,0,0,0,0
20260103,CMP03,ch_web,3,2,1,0,0,0,0
20251030,CMP03,ch_app,2,2,1,0,0,0,0
20260110,CMP03,ch_app,2,2,1,0,0,0,0
20251103,CMP03,ch_app,2,2,1,0,0,0,0
20260219,CMP03,ch_app,2,2,1,0,0,0,0
20251215,CMP03,ch_web,2,2,2,1,0,0,0
20260217,CMP03,ch_branch,2,2,1,0,0,0,0
20260104,CMP03,ch_web,3,2,1,1,1,0,0
20260125,CMP03,ch_web,3,2,0,0,0,0,0
20251201,CMP03,ch_web,2,2,1,1,0,0,0
20260201,CMP03,ch_web,4,2,1,0,0,1,1
20251128,CMP03,ch_web,3,2,0,0,0,0,0
20251224,CMP03,ch_web,2,2,1,0,0,0,0
20251210,CMP03,ch_web,2,2,0,1,1,1,1
20251108,CMP03,ch_app,2,2,1,0,0,1,0
20260203,CMP03,ch_app,2,2,0,0,0,0,0
20251211,CMP03,ch_app,2,2,1,0,0,0,0
20251104,CMP03,ch_web,3,2,1,0,0,0,0
20251107,CMP03,ch_app,3,2,0,0,0,0,0
20251121,CMP03,ch_web,2,2,0,0,0,0,0
20260201,CMP03,ch_branch,2,2,2,0,0,0,0
20260204,CMP03,ch_app,2,2,0,1,1,0,0
20260221,CMP03,ch_branch,2,2,2,0,0,0,0
20251216,CMP03,ch_branch,2,2,1,0,0,0,0
20260218,CMP03,ch_web,2,2,2,1,1,0,0
20260203,CMP03,ch_web,3,3,1,0,0,0,0
20251219,CMP03,ch_web,4,3,0,1,1,0,0
20251101,CMP03,ch_web,4,4,3,0,0,0,0
20260103,CMP04,ch_branch,1,0,0,0,0,0,0
20260108,CMP04,ch_app,1,0,0,0,0,0,0
20251101,CMP04,ch_app,1,0,0,0,0,0,0
20251102,CMP04,ch_web,1,0,0,0,0,0,0
20260102,CMP04,ch_app,1,0,0,0,0,0,0
20260213,CMP04,ch_app,1,0,0,0,0,0,0
20251208,CMP04,ch_branch,1,0,0,0,0,0,0
20251222,CMP04,ch_branch,1,0,0,0,0,0,0
20251210,CMP04,ch_app,2,0,0,0,0,0,0
20260215,CMP04,ch_web,1,0,0,0,0,0,0
20260304,CMP04,ch_web,1,0,0,0,0,0,0
20260117,CMP04,ch_app,1,0,0,0,0,0,0
20260213,CMP04,ch_web,1,0,0,0,0,0,0
20260218,CMP04,ch_app,1,0,0,0,0,0,0
20260223,CMP04,ch_app,1,0,0,0,0,0,0
20251207,CMP04,ch_branch,1,0,0,0,0,0,0
20251209,CMP04,ch_web,1,0,0,0,0,0,0
20260202,CMP04,ch_app,1,0,0,0,0,0,0
20260210,CMP04,ch_web,1,0,0,0,0,0,0
20260120,CMP04,ch_branch,2,0,0,0,0,0,0
20251127,CMP04,ch_branch,1,0,0,0,0,0,0
20251116,CMP04,ch_branch,1,0,0,0,0,0,0
20260105,CMP04,ch_web,1,0,0,0,0,0,0
20260304,CMP04,ch_app,1,0,0,0,0,0,0
20251031,CMP04,ch_branch,1,0,0,0,0,0,0
20251225,CMP04,ch_app,1,0,0,0,0,0,0
20251114,CMP04,ch_app,1,0,0,0,0,0,0
20260216,CMP04,ch_app,1,0,0,0,0,0,0
20251121,CMP04,ch_web,1,0,0,0,0,0,0
20251212,CMP04,ch_web,2,0,0,0,0,0,0
20251225,CMP04,ch_branch,1,0,0,0,0,0,0
20251030,CMP04,ch_app,2,0,0,0,0,0,0
20260106,CMP04,ch_app,1,0,0,0,0,0,0
20260121,CMP04,ch_app,1,0,0,0,0,0,0
20260113,CMP04,ch_web,1,0,0,0,0,0,0
20260109,CMP04,ch_branch,1,0,0,0,0,0,0
20260210,CMP04,ch_app,1,0,0,0,0,0,0
20251111,CMP04,ch_branch,1,0,0,0,0,0,0
20251203,CMP04,ch_web,1,0,0,0,0,0,0
20251216,CMP04,ch_app,1,0,0,0,0,0,0
20260126,CMP04,ch_web,1,0,0,0,0,0,0
20251103,CMP04,ch_app,1,0,0,0,0,0,0
20260205,CMP04,ch_web,1,0,0,0,0,0,0
20251101,CMP04,ch_branch,1,0,0,0,0,0,0
20260302,CMP04,ch_branch,1,0,0,0,0,0,0
20251110,CMP04,ch_web,1,0,0,0,0,0,0
20260115,CMP04,ch_app,1,0,0,0,0,0,0
20260220,CMP04,ch_web,1,0,0,0,0,0,0
20251106,CMP04,ch_web,1,0,0,0,0,0,0
20251215,CMP04,ch_branch,1,1,0,0,0,0,0
20260201,CMP04,ch_app,1,1,0,0,0,0,0
20260209,CMP04,ch_web,1,1,0,0,0,0,0
20251103,CMP04,ch_web,1,1,0,0,0,0,0
20260202,CMP04,ch_web,2,1,0,0,0,0,0
20251112,CMP04,ch_web,1,1,1,0,0,0,0
20251123,CMP04,ch_branch,1,1,0,0,0,0,0
20251204,CMP04,ch_web,1,1,1,0,0,0,0
20251128,CMP04,ch_branch,1,1,0,1,0,0,0
20260124,CMP04,ch_app,1,1,0,0,0,0,0
20260130,CMP04,ch_branch,1,1,0,0,0,0,0
20251205,CMP04,ch_web,1,1,0,0,0,0,0
20251027,CMP04,ch_branch,1,1,1,0,0,0,0
20251115,CMP04,ch_web,1,1,1,1,0,1,1
20251125,CMP04,ch_web,1,1,0,0,0,0,0
20260118,CMP04,ch_web,1,1,0,0,0,0,0
20251226,CMP04,ch_web,1,1,0,0,0,0,0
20260124,CMP04,ch_branch,1,1,1,0,0,0,0
20251104,CMP04,ch_app,1,1,0,0,0,0,0
20251124,CMP04,ch_branch,1,1,1,0,0,0,0
20260114,CMP04,ch_branch,1,1,1,0,0,0,0
20260115,CMP04,ch_web,1,1,1,1,1,0,0
20260203,CMP04,ch_app,1,1,0,0,0,0,0
20251228,CMP04,ch_web,1,1,0,0,0,0,0
20251207,CMP04,ch_web,1,1,1,0,0,0,0
20251118,CMP04,ch_web,2,1,1,0,0,0,0
20260215,CMP04,ch_branch,2,1,0,0,0,0,0
20251129,CMP04,ch_web,1,1,1,0,0,0,0
20251211,CMP04,ch_branch,1,1,1,0,0,0,0
20251222,CMP04,ch_web,1,1,1,1,1,0,0
20251112,CMP04,ch_app,2,1,0,0,0,0,0
20260218,CMP04,ch_branch,1,1,1,0,0,0,0
20251227,CMP04,ch_web,2,1,1,0,0,0,0
20260110,CMP04,ch_web,1,1,0,0,0,0,0
20260215,CMP04,ch_app,1,1,0,0,0,0,0
20260109,CMP04,ch_web,2,1,1,0,0,0,0
20251104,CMP04,ch_branch,1,1,1,0,0,0,0
20251108,CMP04,ch_app,1,1,0,0,0,0,0
20260207,CMP04,ch_web,1,1,0,0,0,0,0
20260212,CMP04,ch_app,1,1,1,0,0,0,0
20251221,CMP04,ch_web,2,1,0,0,0,0,0
20251120,CMP04,ch_web,1,1,1,0,0,0,0
20251113,CMP04,ch_branch,1,1,1,0,0,0,0
20251120,CMP04,ch_app,1,1,0,0,0,0,0
20251223,CMP04,ch_app,1,1,0,0,0,0,0
20251125,CMP04,ch_branch,1,1,1,0,0,0,0
20251103,CMP04,ch_branch,1,1,0,0,0,0,0
20260107,CMP04,ch_web,1,1,0,1,1,0,0
20260125,CMP04,ch_branch,1,1,1,1,1,0,0
20260212,CMP04,ch_web,2,1,0,0,0,0,0
20251210,CMP04,ch_branch,1,1,1,0,0,0,0
20251217,CMP04,ch_branch,1,1,1,0,0,0,0
20260219,CMP04,ch_web,1,1,1,0,0,0,0
20251101,CMP04,ch_web,2,1,1,0,0,0,0
20251105,CMP04,ch_web,1,1,1,0,0,0,0
20260127,CMP04,ch_app,1,1,0,0,0,0,0
20251116,CMP04,ch_app,1,1,0,0,0,0,0
20251202,CMP04,ch_web,1,1,1,1,1,0,0
20260112,CMP04,ch_web,1,1,1,0,0,0,0
20260128,CMP04,ch_app,1,1,0,0,0,0,0
20251104,CMP04,ch_web,1,1,0,0,0,0,0
20251130,CMP04,ch_web,2,1,0,0,0,0,0
20260102,CMP04,ch_web,2,1,0,0,0,0,0
20260122,CMP04,ch_web,1,1,1,0,0,0,0
20251227,CMP04,ch_branch,2,1,0,0,0,0,0
20260110,CMP04,ch_branch,1,1,0,0,0,0,0
20251119,CMP04,ch_app,1,1,1,0,0,0,0
20251125,CMP04,ch_app,1,1,1,0,0,0,0
20260102,CMP04,ch_branch,1,1,0,0,0,0,0
20260131,CMP04,ch_web,1,1,0,0,0,0,0
20260220,CMP04,ch_app,1,1,1,0,0,0,0
20251117,CMP04,ch_app,1,1,0,0,0,0,0
20251030,CMP04,ch_branch,1,1,1,0,0,0,0
20251126,CMP04,ch_web,1,1,0,0,0,0,0
20251225,CMP04,ch_web,1,1,0,0,0,0,0
20260103,CMP04,ch_app,1,1,0,0,0,0,0
20251219,CMP04,ch_web,1,1,0,0,0,0,0
20260217,CMP04,ch_web,1,1,1,1,1,0,0
20260117,CMP04,ch_web,3,1,1,1,0,0,0
20260126,CMP04,ch_app,2,1,0,0,0,1,0
20260217,CMP04,ch_app,1,1,0,0,0,0,0
20251110,CMP04,ch_app,1,1,1,0,0,0,0
20260117,CMP04,ch_branch,1,1,0,0,0,0,0
20260109,CMP04,ch_app,2,1,0,0,0,0,0
20251118,CMP04,ch_branch,1,1,0,1,1,0,0
20251206,CMP04,ch_app,1,1,1,0,0,0,0
20260108,CMP04,ch_web,2,1,0,1,1,0,0
20260130,CMP04,ch_web,2,1,0,0,0,0,0
20251118,CMP04,ch_app,1,1,0,1,0,0,0
20251221,CMP04,ch_app,1,1,0,0,0,0,0
20251231,CMP04,ch_web,1,1,0,0,0,0,0
20260224,CMP04,ch_web,1,1,1,0,0,0,0
20251213,CMP04,ch_web,2,1,1,1,1,0,0
20251127,CMP04,ch_app,1,1,1,0,0,0,0
20251219,CMP04,ch_branch,1,1,1,1,1,0,0
20260127,CMP04,ch_web,1,1,1,0,0,0,0
20251215,CMP04,ch_web,2,1,0,1,1,0,0
20260227,CMP04,ch_web,1,1,1,0,0,0,0
20260105,CMP04,ch_branch,2,1,1,0,0,1,1
20251022,CMP04,ch_web,1,1,0,0,0,0,0
20251115,CMP04,ch_app,1,1,0,0,0,0,0
20251111,CMP04,ch_app,1,1,0,0,0,0,0
20260301,CMP04,ch_web,1,1,1,0,0,0,0
20251207,CMP04,ch_app,1,1,1,0,0,0,0
20260120,CMP04,ch_web,1,1,1,0,0,0,0
20260203,CMP04,ch_branch,1,1,1,0,0,1,1
20251030,CMP04,ch_web,1,1,0,0,0,0,0
20260111,CMP04,ch_web,1,1,0,0,0,0,0
20260120,CMP04,ch_app,1,1,0,0,0,0,0
20260209,CMP04,ch_app,1,1,1,0,0,0,0
20260119,CMP04,ch_app,2,1,1,0,0,0,0
20251217,CMP04,ch_web,1,1,0,0,0,0,0
20251124,CMP04,ch_web,1,1,0,0,0,0,0
20251223,CMP04,ch_web,1,1,0,0,0,0,0
20251220,CMP04,ch_web,2,1,0,0,0,0,0
20251021,CMP04,ch_web,1,1,0,0,0,0,0
20251107,CMP04,ch_web,1,1,1,0,0,0,0
20251211,CMP04,ch_app,1,1,0,0,0,1,1
20260224,CMP04,ch_app,1,1,0,0,0,0,0
20260116,CMP04,ch_branch,1,1,1,0,0,0,0
20260121,CMP04,ch_web,2,2,1,0,0,0,0
20260201,CMP04,ch_web,2,2,1,0,0,0,0
20251208,CMP04,ch_web,2,2,1,1,1,0,0
20260123,CMP04,ch_app,2,2,1,0,0,0,0
20260129,CMP04,ch_web,2,2,0,0,0,0,0
20251226,CMP04,ch_app,2,2,0,0,0,0,0
20260115,CMP04,ch_branch,2,2,2,0,0,0,0
20251130,CMP04,ch_branch,2,2,1,0,0,0,0
20260108,CMP04,ch_branch,2,2,1,1,1,0,0
20251206,CMP04,ch_web,2,2,0,0,0,0,0
20260216,CMP04,ch_web,2,2,0,0,0,0,0
20251025,CMP04,ch_web,3,2,2,0,0,0,0
20260101,CMP04,ch_web,2,2,1,1,0,0,0
20260131,CMP04,ch_app,2,2,2,0,0,0,0
20251122,CMP04,ch_web,2,2,2,0,0,0,0
20260210,CMP04,ch_branch,2,2,1,0,0,0,0
20251130,CMP04,ch_app,2,2,2,0,0,0,0
20251123,CMP04,ch_web,2,2,1,0,0,0,0
20260124,CMP04,ch_web,2,2,0,0,0,0,0
20260206,CMP04,ch_web,2,2,1,0,0,0,0
20260211,CMP04,ch_web,3,2,1,0,0,1,0
20251231,CMP04,ch_branch,2,2,2,0,0,0,0
20260202,CMP04,ch_branch,2,2,1,0,0,0,0
20251230,CMP04,ch_web,3,2,1,1,0,0,0
20260116,CMP04,ch_app,2,2,1,0,0,0,0
20251128,CMP04,ch_web,2,2,2,0,0,0,0
20251209,CMP04,ch_app,2,2,0,0,0,0,0
20260119,CMP04,ch_web,2,2,1,0,0,0,0
20251109,CMP04,ch_web,2,2,1,0,0,0,0
20251218,CMP04,ch_app,2,2,1,0,0,0,0
20251119,CMP04,ch_branch,3,3,1,1,1,0,0
20251106,CMP04,ch_app,3,3,2,0,0,0,0
20251216,CMP04,ch_web,3,3,2,2,1,0,0
20251116,CMP04,ch_web,4,3,0,1,0,0,0
20251224,CMP04,ch_web,3,3,2,0,0,0,0
20260114,CMP04,ch_web,4,3,0,0,0,0,0
20251201,CMP04,ch_web,4,3,2,1,0,0,0
20260206,CMP04,ch_app,4,3,1,0,0,0,0
20251211,CMP04,ch_web,4,4,2,0,0,1,1
20251210,CMP04,ch_web,6,5,1,0,0,0,0
20251126,CMP05,ch_web,2,0,0,0,0,0,0
20260227,CMP05,ch_app,1,0,0,0,0,0,0
20251208,CMP05,ch_app,1,0,0,0,0,0,0
20251026,CMP05,ch_branch,1,0,0,0,0,0,0
20251118,CMP05,ch_branch,1,0,0,0,0,0,0
20251026,CMP05,ch_web,1,0,0,0,0,0,0
20251202,CMP05,ch_branch,1,0,0,0,0,0,0
20251218,CMP05,ch_app,1,0,0,0,0,0,0
20260104,CMP05,ch_branch,1,0,0,0,0,0,0
20251109,CMP05,ch_web,1,0,0,0,0,0,0
20251125,CMP05,ch_web,1,0,0,0,0,0,0
20251217,CMP05,ch_app,1,0,0,0,0,0,0
20251213,CMP05,ch_app,1,0,0,0,0,0,0
20251221,CMP05,ch_branch,2,0,0,0,0,0,0
20260222,CMP05,ch_web,1,0,0,0,0,0,0
20260215,CMP05,ch_app,1,0,0,0,0,0,0
20251024,CMP05,ch_app,1,0,0,0,0,0,0
20251224,CMP05,ch_web,1,0,0,0,0,0,0
20251103,CMP05,ch_branch,1,0,0,0,0,0,0
20260224,CMP05,ch_web,1,0,0,0,0,0,0
20251208,CMP05,ch_branch,1,0,0,0,0,0,0
20251114,CMP05,ch_branch,1,0,0,0,0,0,0
20251211,CMP05,ch_branch,1,0,0,0,0,0,0
20260124,CMP05,ch_web,2,0,0,0,0,0,0
20260225,CMP05,ch_app,1,0,0,0,0,0,0
20251122,CMP05,ch_web,1,0,0,0,0,0,0
20251220,CMP05,ch_web,1,0,0,0,0,0,0
20260131,CMP05,ch_app,1,0,0,0,0,0,0
20251202,CMP05,ch_web,1,0,0,0,0,0,0
20251204,CMP05,ch_branch,1,0,0,0,0,0,0
20251215,CMP05,ch_branch,1,0,0,0,0,0,0
20251117,CMP05,ch_web,1,0,0,0,0,0,0
20251229,CMP05,ch_web,2,0,0,0,0,0,0
20260115,CMP05,ch_branch,2,0,0,0,0,0,0
20260204,CMP05,ch_web,1,0,0,0,0,0,0
20260222,CMP05,ch_app,1,0,0,0,0,0,0
20260217,CMP05,ch_branch,1,0,0,0,0,0,0
20251223,CMP05,ch_branch,1,0,0,0,0,0,0
20260123,CMP05,ch_branch,1,0,0,0,0,0,0
20251215,CMP05,ch_app,2,0,0,0,0,0,0
20260115,CMP05,ch_web,2,0,0,0,0,0,0
20251030,CMP05,ch_web,2,0,0,0,0,0,0
20251107,CMP05,ch_app,1,0,0,0,0,0,0
20251108,CMP05,ch_branch,1,0,0,0,0,0,0
20251112,CMP05,ch_app,2,0,0,0,0,0,0
20251230,CMP05,ch_branch,1,0,0,0,0,0,0
20251029,CMP05,ch_branch,1,1,1,0,0,0,0
20260112,CMP05,ch_web,1,1,1,0,0,0,0
20260113,CMP05,ch_web,1,1,0,0,0,0,0
20260224,CMP05,ch_branch,1,1,1,0,0,0,0
20251023,CMP05,ch_branch,1,1,1,1,0,0,0
20251112,CMP05,ch_branch,1,1,1,0,0,0,0
20251221,CMP05,ch_web,1,1,1,0,0,0,0
20251021,CMP05,ch_web,1,1,0,0,0,0,0
20251106,CMP05,ch_branch,1,1,0,0,0,0,0
20260304,CMP05,ch_web,1,1,1,0,0,0,0
20260111,CMP05,ch_app,1,1,0,0,0,0,0
20260122,CMP05,ch_branch,1,1,1,0,0,0,0
20260204,CMP05,ch_app,1,1,1,0,0,0,0
20251027,CMP05,ch_app,2,1,0,0,0,0,0
20260205,CMP05,ch_app,3,1,1,0,0,0,0
20260212,CMP05,ch_web,2,1,1,0,0,0,0
20251106,CMP05,ch_app,1,1,1,0,0,0,0
20251216,CMP05,ch_web,1,1,0,0,0,0,0
20260117,CMP05,ch_web,1,1,1,0,0,0,0
20251104,CMP05,ch_web,1,1,0,0,0,0,0
20260223,CMP05,ch_branch,1,1,1,0,0,0,0
20260209,CMP05,ch_branch,1,1,1,0,0,0,0
20260226,CMP05,ch_web,1,1,0,0,0,0,0
20251111,CMP05,ch_app,2,1,0,0,0,0,0
20251205,CMP05,ch_branch,2,1,1,0,0,0,0
20260112,CMP05,ch_app,2,1,1,0,0,0,0
20260207,CMP05,ch_web,2,1,1,0,0,0,0
20251028,CMP05,ch_app,1,1,0,0,0,0,0
20251114,CMP05,ch_app,1,1,1,0,0,0,0
20260109,CMP05,ch_web,1,1,1,0,0,0,0
20251023,CMP05,ch_web,2,1,0,1,1,0,0
20260113,CMP05,ch_app,2,1,1,0,0,0,0
20260220,CMP05,ch_branch,1,1,1,0,0,0,0
20260110,CMP05,ch_app,2,1,1,0,0,0,0
20251229,CMP05,ch_app,1,1,0,0,0,1,1
20251208,CMP05,ch_web,2,1,0,0,0,0,0
20251116,CMP05,ch_branch,1,1,0,0,0,0,0
20260104,CMP05,ch_web,1,1,0,0,0,0,0
20251130,CMP05,ch_web,1,1,1,0,0,0,0
20260111,CMP05,ch_branch,1,1,1,0,0,0,0
20251216,CMP05,ch_app,1,1,0,0,0,0,0
20251104,CMP05,ch_branch,2,1,1,1,1,0,0
20251121,CMP05,ch_web,3,1,0,0,0,0,0
20251110,CMP05,ch_web,1,1,0,0,0,0,0
20251117,CMP05,ch_app,1,1,0,0,0,0,0
20251225,CMP05,ch_branch,1,1,0,0,0,0,0
20260210,CMP05,ch_branch,2,1,1,0,0,0,0
20251024,CMP05,ch_branch,1,1,0,0,0,0,0
20260125,CMP05,ch_app,1,1,0,0,0,0,0
20260216,CMP05,ch_app,1,1,0,0,0,0,0
20251110,CMP05,ch_branch,2,1,0,0,0,0,0
20260126,CMP05,ch_app,1,1,0,0,0,0,0
20260104,CMP05,ch_app,1,1,0,0,0,0,0
20260124,CMP05,ch_branch,1,1,1,0,0,0,0
20260129,CMP05,ch_app,1,1,0,0,0,0,0
20251024,CMP05,ch_web,1,1,0,0,0,0,0
20251107,CMP05,ch_branch,1,1,0,0,0,0,0
20251125,CMP05,ch_branch,1,1,0,0,0,0,0
20251111,CMP05,ch_web,3,1,0,0,0,0,0
20251118,CMP05,ch_app,2,1,0,0,0,0,0
20260120,CMP05,ch_app,2,1,0,0,0,0,0
20251122,CMP05,ch_app,1,1,0,0,0,0,0
20260105,CMP05,ch_web,2,1,0,0,0,0,0
20251101,CMP05,ch_branch,1,1,0,0,0,0,0
20251102,CMP05,ch_branch,1,1,0,1,0,0,0
20260108,CMP05,ch_branch,1,1,0,0,0,0,0
20260127,CMP05,ch_web,1,1,1,0,0,0,0
20251129,CMP05,ch_app,1,1,1,0,0,0,0
20260201,CMP05,ch_branch,1,1,1,0,0,0,0
20260303,CMP05,ch_app,1,1,0,0,0,0,0
20260131,CMP05,ch_branch,1,1,0,1,1,0,0
20260219,CMP05,ch_branch,1,1,0,0,0,0,0
20260206,CMP05,ch_app,2,1,1,0,0,0,0
20260214,CMP05,ch_web,2,1,1,0,0,0,0
20260215,CMP05,ch_branch,2,1,1,0,0,0,0
20260129,CMP05,ch_branch,1,1,1,0,0,0,0
20251101,CMP05,ch_app,2,1,1,1,0,0,0
20260114,CMP05,ch_app,1,1,0,0,0,1,0
20260206,CMP05,ch_web,2,1,0,0,0,0,0
20260109,CMP05,ch_app,1,1,0,0,0,0,0
20260110,CMP05,ch_web,2,1,0,0,0,0,0
20260219,CMP05,ch_web,1,1,1,0,0,0,0
20260106,CMP05,ch_web,1,1,0,0,0,0,0
20251105,CMP05,ch_app,1,1,0,0,0,0,0
20251226,CMP05,ch_web,1,1,1,0,0,0,0
20251207,CMP05,ch_app,1,1,0,1,1,0,0
20251020,CMP05,ch_app,1,1,0,0,0,0,0
20251031,CMP05,ch_app,1,1,1,0,0,0,0
20260227,CMP05,ch_web,2,1,0,0,0,0,0
20251116,CMP05,ch_app,1,1,0,0,0,0,0
20251115,CMP05,ch_web,2,1,1,0,0,0,0
20251206,CMP05,ch_branch,2,1,0,0,0,0,0
20251113,CMP05,ch_web,1,1,1,0,0,1,1
20251213,CMP05,ch_branch,1,1,0,0,0,0,0
20260102,CMP05,ch_app,2,1,1,0,0,0,0
20260113,CMP05,ch_branch,1,1,0,0,0,0,0
20251130,CMP05,ch_app,2,1,1,0,0,0,0
20251119,CMP05,ch_branch,1,1,1,0,0,0,0
20251202,CMP05,ch_app,1,1,1,0,0,0,0
20251027,CMP05,ch_branch,1,1,0,0,0,1,0
20260124,CMP05,ch_app,1,1,1,0,0,0,0
20260129,CMP05,ch_web,1,1,1,0,0,0,0
20251207,CMP05,ch_web,2,1,1,0,0,0,0
20251210,CMP05,ch_app,1,1,0,0,0,0,0
20251113,CMP05,ch_branch,2,1,1,1,0,0,0
20251205,CMP05,ch_app,1,1,1,0,0,0,0
20251102,CMP05,ch_web,1,1,0,0,0,0,0
20251120,CMP05,ch_web,1,1,1,0,0,0,0
20251221,CMP05,ch_app,1,1,1,0,0,0,0
20251229,CMP05,ch_branch,1,1,0,0,0,0,0
20251027,CMP05,ch_web,1,1,0,0,0,0,0
20260219,CMP05,ch_app,1,1,0,0,0,0,0
20251201,CMP05,ch_branch,1,1,0,0,0,0,0
20251210,CMP05,ch_branch,1,1,0,0,0,0,0
20260202,CMP05,ch_branch,1,1,1,1,0,0,0
20260131,CMP05,ch_web,1,1,0,0,0,0,0
20251204,CMP05,ch_app,3,2,2,0,0,0,0
20260211,CMP05,ch_web,4,2,1,0,0,0,0
20251025,CMP05,ch_app,2,2,0,1,0,0,0
20251205,CMP05,ch_web,3,2,1,0,0,0,0
20251106,CMP05,ch_web,2,2,2,0,0,0,0
20251118,CMP05,ch_web,2,2,1,1,1,0,0
20260205,CMP05,ch_web,3,2,1,0,0,0,0
20251029,CMP05,ch_web,2,2,2,0,0,0,0
20260206,CMP05,ch_branch,2,2,1,1,1,0,0
20260117,CMP05,ch_branch,2,2,2,0,0,0,0
20260216,CMP05,ch_web,2,2,1,0,0,0,0
20251222,CMP05,ch_web,4,2,1,0,0,1,1
20260119,CMP05,ch_web,2,2,2,0,0,0,0
20260221,CMP05,ch_web,2,2,2,0,0,0,0
20260130,CMP05,ch_web,2,2,0,1,1,0,0
20260107,CMP05,ch_web,3,2,1,1,1,0,0
20260121,CMP05,ch_app,2,2,1,0,0,0,0
20251110,CMP05,ch_app,2,2,1,0,0,0,0
20251211,CMP05,ch_web,2,2,0,0,0,0,0
20260116,CMP05,ch_branch,2,2,2,0,0,0,0
20260211,CMP05,ch_app,2,2,2,0,0,0,0
20260213,CMP05,ch_branch,2,2,1,0,0,0,0
20251228,CMP05,ch_web,2,2,1,1,1,0,0
20260202,CMP05,ch_web,2,2,1,0,0,0,0
20251126,CMP05,ch_branch,2,2,0,0,0,0,0
20251219,CMP05,ch_app,2,2,1,1,1,0,0
20260121,CMP05,ch_web,2,2,2,0,0,0,0
20251128,CMP05,ch_app,2,2,1,0,0,0,0
20251105,CMP05,ch_web,2,2,1,0,0,0,0
20260103,CMP05,ch_app,3,2,1,0,0,0,0
20251108,CMP05,ch_web,2,2,2,0,0,0,0
20260128,CMP05,ch_web,2,2,0,0,0,0,0
20260108,CMP05,ch_web,4,2,2,0,0,0,0
20260120,CMP05,ch_web,3,2,2,1,0,0,0
20251114,CMP05,ch_web,3,2,0,0,0,0,0
20260125,CMP05,ch_branch,2,2,1,0,0,1,1
20251101,CMP05,ch_web,4,2,1,0,0,1,1
20260118,CMP05,ch_web,2,2,1,1,1,0,0
20251219,CMP05,ch_web,5,2,1,1,1,0,0
20251112,CMP05,ch_web,4,2,0,0,0,1,1
20251105,CMP05,ch_branch,2,2,2,0,0,0,0
20260208,CMP05,ch_web,4,2,2,2,2,0,0
20251227,CMP05,ch_app,4,2,2,0,0,0,0
20260122,CMP05,ch_web,4,2,1,0,0,0,0
20251231,CMP05,ch_web,3,2,1,0,0,0,0
20251209,CMP05,ch_app,2,2,0,0,0,0,0
20251212,CMP05,ch_app,2,2,1,0,0,0,0
20251028,CMP05,ch_web,2,2,1,1,0,1,1
20251203,CMP05,ch_web,2,2,0,1,0,0,0
20260128,CMP05,ch_branch,2,2,1,0,0,0,0
20260116,CMP05,ch_app,2,2,2,1,0,0,0
20251103,CMP05,ch_web,2,2,2,0,0,0,0
20251209,CMP05,ch_web,3,2,2,0,0,0,0
20260128,CMP05,ch_app,2,2,1,0,0,0,0
20251201,CMP05,ch_app,2,2,2,0,0,0,0
20260125,CMP05,ch_web,2,2,2,0,0,0,0
20260214,CMP05,ch_branch,2,2,2,0,0,0,0
20251213,CMP05,ch_web,4,3,1,0,0,0,0
20251123,CMP05,ch_web,5,3,0,0,0,0,0
20251031,CMP05,ch_web,3,3,2,0,0,0,0
20251230,CMP05,ch_web,3,3,1,0,0,0,0
20251225,CMP05,ch_web,3,3,1,0,0,0,0
20260111,CMP05,ch_web,3,3,1,0,0,1,0
20260209,CMP05,ch_web,3,3,2,1,0,0,0
20251204,CMP05,ch_web,3,3,1,0,0,0,0
20260116,CMP05,ch_web,4,3,2,1,1,0,0
20260105,CMP05,ch_branch,3,3,3,1,1,0,0
20260213,CMP05,ch_web,4,3,0,0,0,1,0
20251119,CMP05,ch_web,3,3,1,0,0,0,0
20251210,CMP05,ch_web,4,3,3,0,0,0,0
20260210,CMP05,ch_web,4,3,1,1,1,0,0
20260215,CMP05,ch_web,3,3,1,0,0,0,0
20260103,CMP05,ch_web,5,3,0,1,0,0,0
20251211,CMP05,ch_app,3,3,0,0,0,0,0
20251125,CMP05,ch_app,3,3,0,0,0,0,0
20260126,CMP05,ch_web,3,3,1,0,0,0,0
20251225,CMP05,ch_app,4,4,2,0,0,1,0
20251121,CMP05,ch_app,6,4,0,0,0,0,0
20251129,CMP05,ch_web,5,4,2,1,1,0,0
20251218,CMP05,ch_web,4,4,0,0,0,0,0
20260101,CMP05,ch_web,8,5,2,1,0,0,0
20260218,CMP05,ch_web,7,5,1,1,1,1,0
20251227,CMP05,ch_web,6,6,4,1,0,1,1
20260124,CMP06,ch_branch,1,0,0,0,0,0,0
20260130,CMP06,ch_branch,1,0,0,0,0,0,0
20260203,CMP06,ch_branch,1,0,0,0,0,0,0
20260222,CMP06,ch_web,1,0,0,0,0,0,0
20260123,CMP06,ch_web,1,0,0,0,0,0,0
20251030,CMP06,ch_web,1,0,0,0,0,0,0
20251021,CMP06,ch_web,1,0,0,0,0,0,0
20251115,CMP06,ch_app,1,0,0,0,0,0,0
20260111,CMP06,ch_branch,1,0,0,0,0,0,0
20260112,CMP06,ch_web,1,0,0,0,0,0,0
20251030,CMP06,ch_branch,1,0,0,0,0,0,0
20260226,CMP06,ch_web,1,0,0,0,0,0,0
20251217,CMP06,ch_app,1,0,0,0,0,0,0
20251229,CMP06,ch_branch,1,0,0,0,0,0,0
20251119,CMP06,ch_app,1,0,0,0,0,0,0
20260212,CMP06,ch_web,1,0,0,0,0,0,0
20260108,CMP06,ch_web,2,0,0,0,0,0,0
20251114,CMP06,ch_web,1,0,0,0,0,0,0
20251123,CMP06,ch_web,1,0,0,0,0,0,0
20251206,CMP06,ch_web,2,0,0,0,0,0,0
20251231,CMP06,ch_web,1,0,0,0,0,0,0
20251122,CMP06,ch_branch,1,0,0,0,0,0,0
20260211,CMP06,ch_app,1,0,0,0,0,0,0
20260126,CMP06,ch_web,1,0,0,0,0,0,0
20260215,CMP06,ch_app,2,0,0,0,0,0,0
20251221,CMP06,ch_app,1,0,0,0,0,0,0
20260121,CMP06,ch_branch,1,0,0,0,0,0,0
20260125,CMP06,ch_branch,1,0,0,0,0,0,0
20251031,CMP06,ch_web,1,0,0,0,0,0,0
20251118,CMP06,ch_web,2,0,0,0,0,0,0
20260111,CMP06,ch_app,1,0,0,0,0,0,0
20260129,CMP06,ch_app,1,0,0,0,0,0,0
20260208,CMP06,ch_branch,1,0,0,0,0,0,0
20251110,CMP06,ch_web,1,0,0,0,0,0,0
20251201,CMP06,ch_branch,2,0,0,0,0,0,0
20251212,CMP06,ch_branch,1,0,0,0,0,0,0
20251225,CMP06,ch_app,1,0,0,0,0,0,0
20260119,CMP06,ch_web,1,0,0,0,0,0,0
20251226,CMP06,ch_branch,4,1,1,0,0,0,0
20260213,CMP06,ch_web,1,1,0,0,0,0,0
20251221,CMP06,ch_branch,2,1,1,1,0,0,0
20251119,CMP06,ch_web,1,1,0,0,0,0,0
20251121,CMP06,ch_app,1,1,1,0,0,0,0
20260110,CMP06,ch_web,1,1,0,0,0,0,0
20251213,CMP06,ch_web,2,1,1,0,0,1,1
20260218,CMP06,ch_app,2,1,0,0,0,0,0
20260113,CMP06,ch_web,1,1,0,0,0,0,0
20260113,CMP06,ch_app,1,1,1,0,0,0,0
20260202,CMP06,ch_app,1,1,1,0,0,0,0
20260217,CMP06,ch_branch,1,1,1,0,0,0,0
20260223,CMP06,ch_branch,2,1,0,0,0,0,0
20260205,CMP06,ch_branch,1,1,1,0,0,0,0
20251216,CMP06,ch_web,3,1,1,0,0,0,0
20251220,CMP06,ch_web,2,1,1,0,0,0,0
20251216,CMP06,ch_app,1,1,1,0,0,0,0
20260113,CMP06,ch_branch,1,1,0,0,0,0,0
20251121,CMP06,ch_web,2,1,0,0,0,0,0
20251228,CMP06,ch_web,1,1,1,0,0,0,0
20251231,CMP06,ch_branch,1,1,0,0,0,0,0
20251230,CMP06,ch_web,1,1,0,0,0,0,0
20260116,CMP06,ch_web,1,1,0,1,1,0,0
20260115,CMP06,ch_web,1,1,1,0,0,0,0
20251123,CMP06,ch_app,1,1,0,0,0,0,0
20251212,CMP06,ch_app,1,1,0,0,0,0,0
20260102,CMP06,ch_web,1,1,1,0,0,0,0
20260221,CMP06,ch_app,1,1,1,0,0,0,0
20251107,CMP06,ch_app,2,1,1,0,0,0,0
20251130,CMP06,ch_web,1,1,0,0,0,0,0
20251210,CMP06,ch_web,1,1,0,1,1,0,0
20251222,CMP06,ch_web,1,1,0,0,0,0,0
20260215,CMP06,ch_branch,1,1,1,0,0,0,0
20260131,CMP06,ch_app,1,1,1,0,0,0,0
20260216,CMP06,ch_app,1,1,1,1,0,0,0
20260122,CMP06,ch_branch,2,1,1,0,0,0,0
20260125,CMP06,ch_web,2,1,0,0,0,0,0
20251129,CMP06,ch_branch,1,1,1,0,0,0,0
20251027,CMP06,ch_web,1,1,0,0,0,0,0
20260204,CMP06,ch_branch,1,1,1,0,0,0,0
20260126,CMP06,ch_app,2,1,0,0,0,0,0
20251110,CMP06,ch_branch,1,1,0,0,0,0,0
20260104,CMP06,ch_branch,1,1,1,0,0,0,0
20260209,CMP06,ch_app,1,1,1,0,0,0,0
20260225,CMP06,ch_branch,1,1,0,0,0,0,0
20251023,CMP06,ch_web,1,1,1,0,0,0,0
20260201,CMP06,ch_branch,1,1,0,0,0,0,0
20251226,CMP06,ch_app,1,1,0,0,0,0,0
20251102,CMP06,ch_branch,1,1,1,0,0,0,0
20251223,CMP06,ch_web,3,1,1,1,1,0,0
20251203,CMP06,ch_web,1,1,0,1,1,0,0
20251227,CMP06,ch_web,1,1,1,0,0,0,0
20260101,CMP06,ch_app,1,1,1,0,0,0,0
20251023,CMP06,ch_app,1,1,1,0,0,0,0
20251227,CMP06,ch_app,1,1,0,0,0,0,0
20260104,CMP06,ch_app,1,1,1,1,1,0,0
20260206,CMP06,ch_web,1,1,0,0,0,0,0
20260212,CMP06,ch_branch,1,1,1,0,0,0,0
20260216,CMP06,ch_branch,2,1,0,0,0,0,0
20251105,CMP06,ch_web,1,1,0,0,0,0,0
20251129,CMP06,ch_app,1,1,0,0,0,0,0
20260104,CMP06,ch_web,1,1,0,0,0,0,0
20260111,CMP06,ch_web,1,1,0,0,0,0,0
20251217,CMP06,ch_branch,2,1,0,0,0,0,0
20260215,CMP06,ch_web,1,1,0,0,0,0,0
20251031,CMP06,ch_app,1,1,0,0,0,0,0
20251101,CMP06,ch_web,1,1,0,0,0,0,0
20251122,CMP06,ch_web,1,1,1,1,0,0,0
20251205,CMP06,ch_app,1,1,1,1,1,0,0
20260205,CMP06,ch_app,1,1,1,1,1,0,0
20251208,CMP06,ch_web,2,1,0,1,1,0,0
20251212,CMP06,ch_web,1,1,1,0,0,0,0
20251107,CMP06,ch_branch,2,1,1,1,1,0,0
20251024,CMP06,ch_app,1,1,1,0,0,0,0
20251113,CMP06,ch_app,1,1,1,0,0,0,0
20251215,CMP06,ch_app,1,1,1,0,0,0,0
20260103,CMP06,ch_branch,1,1,0,0,0,0,0
20251201,CMP06,ch_web,1,1,0,0,0,0,0
20251208,CMP06,ch_branch,1,1,1,0,0,0,0
20251219,CMP06,ch_branch,1,1,1,0,0,0,0
20260107,CMP06,ch_app,1,1,0,0,0,0,0
20260128,CMP06,ch_branch,1,1,1,0,0,0,0
20251215,CMP06,ch_web,3,1,0,1,1,0,0
20251027,CMP06,ch_app,1,1,1,0,0,0,0
20251218,CMP06,ch_app,1,1,0,0,0,0,0
20251113,CMP06,ch_web,2,1,0,0,0,0,0
20260210,CMP06,ch_branch,1,1,1,0,0,0,0
20251101,CMP06,ch_branch,1,1,0,0,0,0,0
20260119,CMP06,ch_branch,1,1,0,0,0,0,0
20260203,CMP06,ch_web,1,1,0,0,0,0,0
20251019,CMP06,ch_app,1,1,1,0,0,0,0
20251023,CMP06,ch_branch,1,1,1,0,0,0,0
20260217,CMP06,ch_app,1,1,1,0,0,0,0
20260224,CMP06,ch_branch,1,1,0,0,0,0,0
20251108,CMP06,ch_app,1,1,1,0,0,0,0
20251120,CMP06,ch_web,2,1,0,0,0,0,0
20251128,CMP06,ch_branch,1,1,1,0,0,0,0
20260207,CMP06,ch_web,2,1,1,0,0,0,0
20260221,CMP06,ch_web,2,1,1,0,0,0,0
20251115,CMP06,ch_branch,1,1,0,0,0,0,0
20260122,CMP06,ch_web,1,1,1,0,0,0,0
20251127,CMP06,ch_branch,1,1,0,0,0,0,0
20260124,CMP06,ch_app,1,1,1,0,0,0,0
20251125,CMP06,ch_web,1,1,1,0,0,0,0
20251118,CMP06,ch_branch,1,1,1,0,0,0,0
20260223,CMP06,ch_app,1,1,1,0,0,0,0
20251221,CMP06,ch_web,2,1,0,0,0,0,0
20251117,CMP06,ch_branch,1,1,1,0,0,0,0
20260210,CMP06,ch_web,1,1,1,0,0,0,0
20260218,CMP06,ch_branch,1,1,0,0,0,0,0
20251128,CMP06,ch_web,2,1,0,0,0,0,0
20251226,CMP06,ch_web,1,1,0,0,0,0,0
20260121,CMP06,ch_web,1,1,1,0,0,0,0
20260222,CMP06,ch_app,1,1,0,0,0,0,0
20260223,CMP06,ch_web,1,1,1,0,0,0,0
20260224,CMP06,ch_web,1,1,0,0,0,0,0
20251120,CMP06,ch_branch,1,1,1,0,0,0,0
20260204,CMP06,ch_web,1,1,0,0,0,0,0
20260219,CMP06,ch_app,1,1,0,0,0,0,0
20260127,CMP06,ch_web,2,2,1,0,0,0,0
20251106,CMP06,ch_web,2,2,2,0,0,0,0
20251207,CMP06,ch_web,3,2,1,0,0,0,0
20251114,CMP06,ch_branch,2,2,0,0,0,0,0
20251224,CMP06,ch_web,2,2,0,0,0,0,0
20260101,CMP06,ch_web,2,2,1,0,0,0,0
20260205,CMP06,ch_web,2,2,2,0,0,0,0
20251214,CMP06,ch_web,4,2,1,1,1,0,0
20260103,CMP06,ch_web,5,2,1,0,0,0,0
20260131,CMP06,ch_web,3,2,1,0,0,1,1
20251209,CMP06,ch_web,2,2,1,0,0,0,0
20251130,CMP06,ch_branch,2,2,1,0,0,0,0
20251108,CMP06,ch_web,2,2,1,1,0,0,0
20251203,CMP06,ch_branch,2,2,0,0,0,0,0
20251207,CMP06,ch_app,2,2,1,0,0,0,0
20251107,CMP06,ch_web,2,2,1,0,0,0,0
20260214,CMP06,ch_web,2,2,1,1,1,0,0
20260210,CMP06,ch_app,2,2,1,1,0,0,0
20251229,CMP06,ch_app,2,2,2,0,0,0,0
20251227,CMP06,ch_branch,2,2,1,0,0,0,0
20251101,CMP06,ch_app,2,2,2,0,0,0,0
20260208,CMP06,ch_web,2,2,2,0,0,0,0
20251206,CMP06,ch_app,3,2,0,0,0,1,1
20260202,CMP06,ch_web,3,2,1,0,0,0,0
20251219,CMP06,ch_web,3,3,1,1,1,0,0
20251117,CMP06,ch_web,3,3,1,0,0,0,0
20260105,CMP06,ch_web,4,3,1,0,0,1,1
20251102,CMP06,ch_web,3,3,2,0,0,0,0
20260106,CMP06,ch_web,4,4,0,1,1,0,0
20251117,CMP07,ch_web,2,0,0,0,0,0,0
20251102,CMP07,ch_web,1,0,0,0,0,0,0
20251208,CMP07,ch_web,1,0,0,0,0,0,0
20260214,CMP07,ch_app,1,0,0,0,0,0,0
20251104,CMP07,ch_web,1,0,0,0,0,0,0
20251126,CMP07,ch_web,1,0,0,0,0,0,0
20260119,CMP07,ch_branch,1,0,0,0,0,0,0
20251130,CMP07,ch_branch,1,0,0,0,0,0,0
20260215,CMP07,ch_branch,1,0,0,0,0,0,0
20260130,CMP07,ch_web,1,0,0,0,0,0,0
20260205,CMP07,ch_app,1,0,0,0,0,0,0
20251031,CMP07,ch_web,1,0,0,0,0,0,0
20251207,CMP07,ch_branch,1,0,0,0,0,0,0
20251101,CMP07,ch_web,1,0,0,0,0,0,0
20251125,CMP07,ch_branch,1,0,0,0,0,0,0
20260120,CMP07,ch_app,1,0,0,0,0,0,0
20251218,CMP07,ch_branch,1,0,0,0,0,0,0
20260120,CMP07,ch_branch,2,0,0,0,0,0,0
20251125,CMP07,ch_app,1,0,0,0,0,0,0
20260122,CMP07,ch_branch,1,0,0,0,0,0,0
20251211,CMP07,ch_web,1,0,0,0,0,0,0
20260211,CMP07,ch_web,2,0,0,0,0,0,0
20260220,CMP07,ch_app,1,0,0,0,0,0,0
20260128,CMP07,ch_web,1,0,0,0,0,0,0
20260206,CMP07,ch_branch,1,0,0,0,0,0,0
20251201,CMP07,ch_branch,1,0,0,0,0,0,0
20251029,CMP07,ch_app,1,0,0,0,0,0,0
20260121,CMP07,ch_app,1,0,0,0,0,0,0
20260110,CMP07,ch_branch,1,0,0,0,0,0,0
20251220,CMP07,ch_app,1,0,0,0,0,0,0
20260213,CMP07,ch_web,1,0,0,0,0,0,0
20251111,CMP07,ch_app,1,0,0,0,0,0,0
20251218,CMP07,ch_web,1,0,0,0,0,0,0
20251123,CMP07,ch_branch,1,0,0,0,0,0,0
20251107,CMP07,ch_app,1,0,0,0,0,0,0
20260112,CMP07,ch_branch,1,0,0,0,0,0,0
20260203,CMP07,ch_app,1,0,0,0,0,0,0
20260117,CMP07,ch_app,1,1,0,0,0,0,0
20260227,CMP07,ch_app,1,1,0,0,0,0,0
20260123,CMP07,ch_app,2,1,0,0,0,0,0
20251225,CMP07,ch_app,1,1,1,0,0,0,0
20260204,CMP07,ch_app,1,1,1,1,1,0,0
20260210,CMP07,ch_app,1,1,1,0,0,0,0
20251125,CMP07,ch_web,2,1,0,0,0,0,0
20260109,CMP07,ch_branch,1,1,1,0,0,0,0
20260125,CMP07,ch_web,1,1,1,0,0,0,0
20260125,CMP07,ch_app,1,1,1,0,0,0,0
20260102,CMP07,ch_branch,1,1,0,0,0,0,0
20260127,CMP07,ch_web,1,1,0,0,0,1,0
20251209,CMP07,ch_web,2,1,1,0,0,0,0
20251214,CMP07,ch_web,2,1,0,0,0,0,0
20260108,CMP07,ch_web,2,1,0,0,0,0,0
20251110,CMP07,ch_branch,1,1,0,0,0,0,0
20251228,CMP07,ch_app,1,1,0,0,0,0,0
20251106,CMP07,ch_web,1,1,1,0,0,0,0
20251217,CMP07,ch_branch,1,1,0,0,0,0,0
20260112,CMP07,ch_web,1,1,0,1,1,0,0
20260125,CMP07,ch_branch,1,1,0,0,0,0,0
20260122,CMP07,ch_app,1,1,1,0,0,0,0
20251122,CMP07,ch_app,1,1,1,1,0,0,0
20260126,CMP07,ch_app,1,1,0,0,0,0,0
20251123,CMP07,ch_web,2,1,0,0,0,0,0
20251124,CMP07,ch_branch,1,1,1,0,0,0,0
20251206,CMP07,ch_web,1,1,0,0,0,0,0
20251225,CMP07,ch_branch,1,1,1,0,0,0,0
20251124,CMP07,ch_app,1,1,1,0,0,0,0
20260110,CMP07,ch_app,1,1,1,0,0,0,0
20260111,CMP07,ch_branch,1,1,0,0,0,0,0
20251025,CMP07,ch_app,1,1,0,0,0,0,0
20251210,CMP07,ch_web,2,1,1,0,0,0,0
20260129,CMP07,ch_branch,1,1,0,0,0,0,0
20251124,CMP07,ch_web,2,1,0,0,0,0,0
20251225,CMP07,ch_web,2,1,0,0,0,0,0
20251021,CMP07,ch_web,1,1,1,0,0,0,0
20260108,CMP07,ch_branch,1,1,0,1,0,1,1
20260209,CMP07,ch_branch,1,1,0,0,0,0,0
20251221,CMP07,ch_web,3,1,0,0,0,0,0
20251021,CMP07,ch_app,1,1,1,0,0,0,0
20251106,CMP07,ch_app,1,1,1,0,0,0,0
20251119,CMP07,ch_branch,1,1,0,0,0,0,0
20260205,CMP07,ch_web,1,1,1,1,0,0,0
20260209,CMP07,ch_app,1,1,0,0,0,0,0
20251205,CMP07,ch_web,1,1,0,0,0,0,0
20260118,CMP07,ch_app,1,1,1,0,0,0,0
20260107,CMP07,ch_branch,1,1,0,0,0,0,0
20251027,CMP07,ch_app,1,1,1,0,0,0,0
20260107,CMP07,ch_web,1,1,0,1,0,0,0
20260222,CMP07,ch_web,1,1,1,0,0,1,0
20251024,CMP07,ch_web,1,1,0,1,1,0,0
20251228,CMP07,ch_web,1,1,0,0,0,0,0
20260117,CMP07,ch_web,1,1,0,0,0,0,0
20260131,CMP07,ch_app,1,1,0,0,0,0,0
20251116,CMP07,ch_app,1,1,1,0,0,0,0
20260106,CMP07,ch_web,2,1,1,0,0,0,0
20251127,CMP07,ch_app,1,1,0,0,0,0,0
20260217,CMP07,ch_branch,1,1,0,0,0,0,0
20251101,CMP07,ch_app,2,1,1,0,0,0,0
20251121,CMP07,ch_app,1,1,1,0,0,0,0
20251022,CMP07,ch_web,1,1,1,0,0,0,0
20251108,CMP07,ch_app,1,1,1,0,0,0,0
20260207,CMP07,ch_web,1,1,0,0,0,0,0
20260217,CMP07,ch_web,2,1,0,0,0,0,0
20251119,CMP07,ch_web,1,1,1,0,0,0,0
20260202,CMP07,ch_app,1,1,0,1,0,0,0
20260118,CMP07,ch_web,3,1,0,0,0,0,0
20251123,CMP07,ch_app,1,1,0,0,0,0,0
20260101,CMP07,ch_branch,1,1,0,0,0,0,0
20260121,CMP07,ch_web,1,1,0,0,0,0,0
20260123,CMP07,ch_branch,1,1,0,0,0,0,0
20260206,CMP07,ch_web,2,1,1,0,0,0,0
20251229,CMP07,ch_app,1,1,1,0,0,0,0
20251117,CMP07,ch_app,1,1,0,0,0,0,0
20251129,CMP07,ch_branch,1,1,0,0,0,0,0
20260102,CMP07,ch_web,1,1,0,0,0,0,0
20260221,CMP07,ch_branch,1,1,1,0,0,0,0
20260115,CMP07,ch_app,1,1,0,0,0,0,0
20260116,CMP07,ch_app,1,1,1,0,0,0,0
20260201,CMP07,ch_branch,1,1,1,0,0,0,0
20251202,CMP07,ch_web,2,1,0,0,0,0,0
20251215,CMP07,ch_app,1,1,0,0,0,0,0
20260225,CMP07,ch_web,1,1,0,0,0,0,0
20251018,CMP07,ch_web,1,1,0,0,0,0,0
20251024,CMP07,ch_app,1,1,0,0,0,0,0
20251108,CMP07,ch_branch,1,1,1,0,0,0,0
20251117,CMP07,ch_branch,1,1,0,0,0,0,0
20251119,CMP07,ch_app,1,1,0,0,0,0,0
20260221,CMP07,ch_web,1,1,1,0,0,0,0
20251104,CMP07,ch_branch,2,1,1,0,0,0,0
20251223,CMP07,ch_web,3,1,1,0,0,0,0
20251027,CMP07,ch_branch,1,1,1,0,0,0,0
20260217,CMP07,ch_app,1,1,1,0,0,0,0
20260223,CMP07,ch_web,1,1,0,0,0,0,0
20251104,CMP07,ch_app,1,1,0,0,0,0,0
20260202,CMP07,ch_branch,1,1,0,1,1,0,0
20251030,CMP07,ch_web,2,1,0,0,0,0,0
20251203,CMP07,ch_web,1,1,0,1,0,0,0
20251129,CMP07,ch_web,1,1,0,0,0,0,0
20260113,CMP07,ch_branch,1,1,1,0,0,0,0
20260111,CMP07,ch_web,2,1,0,0,0,0,0
20251107,CMP07,ch_web,1,1,0,1,1,0,0
20251227,CMP07,ch_branch,1,1,0,0,0,1,0
20260203,CMP07,ch_branch,1,1,0,0,0,0,0
20260220,CMP07,ch_web,1,1,1,0,0,0,0
20260103,CMP07,ch_app,2,1,0,0,0,0,0
20251120,CMP07,ch_app,1,1,0,0,0,0,0
20260129,CMP07,ch_web,1,1,0,0,0,0,0
20260201,CMP07,ch_web,1,1,1,0,0,0,0
20260203,CMP07,ch_web,1,1,1,0,0,0,0
20260208,CMP07,ch_app,1,1,0,0,0,0,0
20251231,CMP07,ch_web,2,2,2,0,0,0,0
20251220,CMP07,ch_web,2,2,0,0,0,0,0
20251222,CMP07,ch_web,2,2,1,0,0,0,0
20260130,CMP07,ch_branch,2,2,1,0,0,0,0
20260206,CMP07,ch_app,2,2,1,0,0,0,0
20251029,CMP07,ch_web,2,2,1,0,0,0,0
20260103,CMP07,ch_branch,2,2,2,0,0,0,0
20251031,CMP07,ch_app,2,2,2,0,0,0,0
20251226,CMP07,ch_app,2,2,0,0,0,0,0
20251027,CMP07,ch_web,2,2,1,2,2,0,0
20251219,CMP07,ch_web,4,2,1,0,0,0,0
20251105,CMP07,ch_branch,2,2,1,1,1,0,0
20260114,CMP07,ch_web,2,2,1,0,0,0,0
20251230,CMP07,ch_app,2,2,1,0,0,0,0
20260127,CMP07,ch_app,2,2,2,1,1,0,0
20251215,CMP07,ch_web,3,2,0,1,0,0,0
20260209,CMP07,ch_web,3,2,1,1,0,1,1
20251219,CMP07,ch_app,2,2,0,0,0,0,0
20251226,CMP07,ch_web,2,2,1,0,0,0,0
20260216,CMP07,ch_web,4,2,1,0,0,0,0
20251128,CMP07,ch_web,2,2,1,0,0,0,0
20260212,CMP07,ch_web,2,2,0,0,0,0,0
20251227,CMP07,ch_web,2,2,0,0,0,0,0
20251230,CMP07,ch_web,3,2,1,0,0,0,0
20251109,CMP07,ch_web,3,2,2,1,0,1,1
20251201,CMP07,ch_web,3,2,1,1,0,0,0
20251121,CMP07,ch_web,2,2,1,0,0,0,0
20251114,CMP07,ch_web,3,2,1,0,0,0,0
20260103,CMP07,ch_web,3,2,0,0,0,0,0
20260119,CMP07,ch_web,3,2,0,0,0,0,0
20251113,CMP07,ch_web,2,2,1,0,0,0,0
20251110,CMP07,ch_web,4,2,0,1,1,0,0
20251204,CMP07,ch_web,2,2,2,0,0,0,0
20260116,CMP07,ch_web,2,2,0,0,0,0,0
20251213,CMP07,ch_web,6,3,2,1,1,0,0
20260214,CMP07,ch_web,3,3,0,0,0,1,1
20260101,CMP07,ch_web,3,3,1,2,1,0,0
20251127,CMP07,ch_web,4,3,1,1,1,0,0
20260126,CMP07,ch_web,3,3,2,1,1,0,0
20251216,CMP07,ch_web,3,3,1,1,1,0,0
20251109,CMP07,ch_app,3,3,0,0,0,0,0
20251122,CMP07,ch_web,3,3,0,2,2,0,0
20251108,CMP07,ch_web,5,4,1,0,0,1,0
20251105,CMP07,ch_web,4,4,2,1,0,0,0
20251120,CMP07,ch_web,4,4,2,1,1,0,0
20251106,CMP07,ch_branch,4,4,1,1,0,1,1
20260104,CMP08,ch_branch,1,0,0,0,0,0,0
20260209,CMP08,ch_web,2,0,0,0,0,0,0
20260218,CMP08,ch_app,1,0,0,0,0,0,0
20260129,CMP08,ch_web,1,0,0,0,0,0,0
20251230,CMP08,ch_web,1,0,0,0,0,0,0
20260301,CMP08,ch_app,1,0,0,0,0,0,0
20251203,CMP08,ch_app,1,0,0,0,0,0,0
20251228,CMP08,ch_web,1,0,0,0,0,0,0
20251023,CMP08,ch_branch,1,0,0,0,0,0,0
20251221,CMP08,ch_branch,1,0,0,0,0,0,0
20251207,CMP08,ch_app,1,0,0,0,0,0,0
20260225,CMP08,ch_app,1,0,0,0,0,0,0
20251203,CMP08,ch_web,2,0,0,0,0,0,0
20251028,CMP08,ch_web,1,0,0,0,0,0,0
20251128,CMP08,ch_branch,1,0,0,0,0,0,0
20260104,CMP08,ch_app,1,0,0,0,0,0,0
20251204,CMP08,ch_app,1,0,0,0,0,0,0
20251127,CMP08,ch_web,2,0,0,0,0,0,0
20251231,CMP08,ch_branch,1,0,0,0,0,0,0
20260117,CMP08,ch_web,1,0,0,0,0,0,0
20260208,CMP08,ch_web,1,0,0,0,0,0,0
20251110,CMP08,ch_branch,1,0,0,0,0,0,0
20260116,CMP08,ch_app,1,0,0,0,0,0,0
20251108,CMP08,ch_branch,1,0,0,0,0,0,0
20251220,CMP08,ch_web,1,0,0,0,0,0,0
20251223,CMP08,ch_branch,1,0,0,0,0,0,0
20251106,CMP08,ch_branch,1,0,0,0,0,0,0
20251203,CMP08,ch_branch,1,0,0,0,0,0,0
20251209,CMP08,ch_app,1,0,0,0,0,0,0
20260125,CMP08,ch_branch,1,0,0,0,0,0,0
20260112,CMP08,ch_web,1,0,0,0,0,0,0
20251208,CMP08,ch_web,1,0,0,0,0,0,0
20251222,CMP08,ch_branch,1,0,0,0,0,0,0
20260105,CMP08,ch_web,1,0,0,0,0,0,0
20260120,CMP08,ch_web,2,0,0,0,0,0,0
20251109,CMP08,ch_web,2,0,0,0,0,0,0
20260118,CMP08,ch_app,1,0,0,0,0,0,0
20251029,CMP08,ch_web,1,0,0,0,0,0,0
20251130,CMP08,ch_branch,1,0,0,0,0,0,0
20260207,CMP08,ch_web,2,0,0,0,0,0,0
20251230,CMP08,ch_branch,1,0,0,0,0,0,0
20251102,CMP08,ch_web,1,0,0,0,0,0,0
20260210,CMP08,ch_branch,1,0,0,0,0,0,0
20260108,CMP08,ch_app,1,0,0,0,0,0,0
20260218,CMP08,ch_web,1,0,0,0,0,0,0
20251119,CMP08,ch_web,1,1,0,0,0,0,0
20251126,CMP08,ch_app,1,1,1,1,1,0,0
20251201,CMP08,ch_web,1,1,1,0,0,0,0
20251201,CMP08,ch_app,1,1,0,0,0,0,0
20251210,CMP08,ch_branch,1,1,1,0,0,0,0
20260126,CMP08,ch_web,1,1,0,1,1,0,0
20260212,CMP08,ch_web,1,1,1,0,0,0,0
20260108,CMP08,ch_web,2,1,0,0,0,0,0
20260125,CMP08,ch_web,1,1,0,0,0,0,0
20260130,CMP08,ch_branch,2,1,1,0,0,0,0
20251218,CMP08,ch_web,1,1,0,0,0,0,0
20260130,CMP08,ch_app,1,1,0,0,0,0,0
20260221,CMP08,ch_app,1,1,1,0,0,0,0
20260130,CMP08,ch_web,2,1,0,0,0,0,0
20260222,CMP08,ch_web,1,1,1,0,0,0,0
20260223,CMP08,ch_branch,1,1,0,0,0,0,0
20260123,CMP08,ch_web,1,1,1,0,0,0,0
20260128,CMP08,ch_web,1,1,0,0,0,0,0
20251213,CMP08,ch_web,2,1,1,0,0,0,0
20251113,CMP08,ch_app,1,1,1,0,0,0,0
20251116,CMP08,ch_app,1,1,1,1,0,0,0
20251111,CMP08,ch_web,1,1,1,1,0,0,0
20251117,CMP08,ch_web,1,1,0,0,0,0,0
20260212,CMP08,ch_branch,1,1,0,0,0,0,0
20260227,CMP08,ch_branch,1,1,0,1,0,0,0
20251110,CMP08,ch_app,1,1,0,0,0,0,0
20251116,CMP08,ch_web,1,1,1,0,0,0,0
20251102,CMP08,ch_app,3,1,1,0,0,0,0
20251105,CMP08,ch_branch,1,1,0,0,0,0,0
20260110,CMP08,ch_web,1,1,0,0,0,0,0
20251101,CMP08,ch_app,1,1,0,0,0,0,0
20251107,CMP08,ch_branch,1,1,1,0,0,0,0
20251224,CMP08,ch_web,1,1,0,0,0,0,0
20251227,CMP08,ch_branch,1,1,1,0,0,0,0
20251231,CMP08,ch_app,1,1,0,0,0,0,0
20251128,CMP08,ch_app,1,1,0,1,1,0,0
20251222,CMP08,ch_web,1,1,1,0,0,0,0
20260217,CMP08,ch_web,1,1,0,0,0,0,0
20251213,CMP08,ch_branch,1,1,0,1,1,0,0
20251226,CMP08,ch_web,1,1,0,0,0,0,0
20251223,CMP08,ch_app,1,1,0,0,0,0,0
20260202,CMP08,ch_branch,1,1,0,0,0,0,0
20251201,CMP08,ch_branch,2,1,0,0,0,0,0
20251023,CMP08,ch_app,1,1,1,0,0,0,0
20251128,CMP08,ch_web,2,1,1,0,0,0,0
20260202,CMP08,ch_web,2,1,1,0,0,0,0
20251021,CMP08,ch_web,1,1,0,0,0,0,0
20251106,CMP08,ch_web,1,1,0,0,0,0,0
20260102,CMP08,ch_web,2,1,0,0,0,0,0
20251103,CMP08,ch_web,1,1,0,0,0,0,0
20251205,CMP08,ch_web,1,1,1,0,0,0,0
20260107,CMP08,ch_app,1,1,1,0,0,1,1
20260127,CMP08,ch_branch,1,1,1,0,0,0,0
20260223,CMP08,ch_app,1,1,0,0,0,0,0
20251202,CMP08,ch_web,1,1,1,0,0,0,0
20251219,CMP08,ch_app,1,1,1,0,0,0,0
20260225,CMP08,ch_web,1,1,1,0,0,0,0
20251221,CMP08,ch_web,1,1,1,0,0,0,0
20260119,CMP08,ch_branch,1,1,0,0,0,0,0
20260122,CMP08,ch_branch,1,1,0,0,0,0,0
20260122,CMP08,ch_app,1,1,0,0,0,0,0
20260204,CMP08,ch_branch,1,1,1,0,0,0,0
20251206,CMP08,ch_web,1,1,0,0,0,0,0
20260210,CMP08,ch_app,2,1,0,0,0,0,0
20251229,CMP08,ch_web,1,1,0,0,0,0,0
20260131,CMP08,ch_branch,1,1,1,0,0,0,0
20251122,CMP08,ch_web,2,1,1,0,0,0,0
20251218,CMP08,ch_branch,2,1,0,0,0,0,0
20251224,CMP08,ch_branch,1,1,0,0,0,0,0
20260114,CMP08,ch_branch,1,1,0,0,0,0,0
20251220,CMP08,ch_branch,2,1,0,0,0,0,0
20251108,CMP08,ch_app,1,1,0,0,0,0,0
20251214,CMP08,ch_branch,1,1,1,0,0,0,0
20260109,CMP08,ch_web,1,1,0,0,0,0,0
20260213,CMP08,ch_app,2,1,0,1,1,0,0
20251120,CMP08,ch_branch,1,1,1,0,0,0,0
20251202,CMP08,ch_app,1,1,1,0,0,0,0
20260113,CMP08,ch_web,1,1,1,0,0,1,1
20251215,CMP08,ch_app,1,1,1,0,0,0,0
20260210,CMP08,ch_web,2,1,1,0,0,0,0
20251206,CMP08,ch_branch,1,1,1,0,0,0,0
20260124,CMP08,ch_app,1,1,1,0,0,0,0
20260107,CMP08,ch_web,2,1,0,0,0,0,0
20251109,CMP08,ch_app,1,1,1,0,0,0,0
20251108,CMP08,ch_web,1,1,1,0,0,0,0
20251119,CMP08,ch_app,1,1,1,0,0,0,0
20251121,CMP08,ch_branch,1,1,0,0,0,0,0
20251212,CMP08,ch_app,1,1,1,0,0,0,0
20251221,CMP08,ch_app,1,1,1,0,0,0,0
20260116,CMP08,ch_web,1,1,0,0,0,0,0
20251023,CMP08,ch_web,1,1,0,0,0,0,0
20251024,CMP08,ch_web,1,1,0,0,0,0,0
20251118,CMP08,ch_branch,1,1,0,0,0,0,0
20260116,CMP08,ch_branch,1,1,1,0,0,0,0
20260117,CMP08,ch_app,1,1,0,0,0,0,0
20251107,CMP08,ch_web,2,1,0,0,0,0,0
20251111,CMP08,ch_branch,1,1,1,0,0,0,0
20260205,CMP08,ch_app,1,1,1,1,1,0,0
20260220,CMP08,ch_web,1,1,0,0,0,0,0
20260226,CMP08,ch_branch,1,1,1,0,0,0,0
20251211,CMP08,ch_web,1,1,0,1,0,0,0
20251214,CMP08,ch_app,1,1,1,0,0,0,0
20251225,CMP08,ch_app,1,1,1,0,0,0,0
20260205,CMP08,ch_branch,1,1,1,0,0,0,0
20260209,CMP08,ch_app,1,1,1,0,0,0,0
20260212,CMP08,ch_app,1,1,0,0,0,0,0
20260124,CMP08,ch_web,1,1,0,0,0,0,0
20260117,CMP08,ch_branch,1,1,0,0,0,0,0
20260131,CMP08,ch_web,2,1,0,0,0,0,0
20260206,CMP08,ch_branch,1,1,1,0,0,0,0
20260201,CMP08,ch_web,1,1,0,0,0,0,0
20251026,CMP08,ch_branch,1,1,1,0,0,0,0
20251209,CMP08,ch_branch,1,1,0,0,0,0,0
20260123,CMP08,ch_app,1,1,1,1,1,0,0
20260209,CMP08,ch_branch,1,1,0,0,0,0,0
20260205,CMP08,ch_web,1,1,0,0,0,0,0
20251222,CMP08,ch_app,1,1,0,0,0,0,0
20260114,CMP08,ch_web,1,1,0,0,0,0,0
20260214,CMP08,ch_web,1,1,0,0,0,0,0
20251223,CMP08,ch_web,2,2,1,0,0,0,0
20251104,CMP08,ch_web,3,2,0,0,0,0,0
20251027,CMP08,ch_app,2,2,1,1,0,0,0
20251117,CMP08,ch_branch,2,2,1,0,0,1,1
20260118,CMP08,ch_branch,2,2,1,1,1,0,0
20260204,CMP08,ch_web,2,2,2,0,0,0,0
20251125,CMP08,ch_web,2,2,1,0,0,0,0
20251031,CMP08,ch_web,3,2,0,0,0,1,0
20251219,CMP08,ch_web,3,2,0,0,0,1,1
20251117,CMP08,ch_app,2,2,2,0,0,0,0
20251214,CMP08,ch_web,2,2,1,0,0,0,0
20251212,CMP08,ch_web,2,2,2,0,0,0,0
20260115,CMP08,ch_web,2,2,0,1,0,0,0
20260122,CMP08,ch_web,2,2,0,0,0,0,0
20251112,CMP08,ch_web,2,2,1,1,0,0,0
20251217,CMP08,ch_branch,2,2,2,1,1,0,0
20260222,CMP08,ch_branch,2,2,0,1,1,0,0
20260204,CMP08,ch_app,3,2,2,1,0,0,0
20251225,CMP08,ch_web,2,2,1,0,0,0,0
20260104,CMP08,ch_web,4,2,1,0,0,0,0
20260121,CMP08,ch_web,2,2,1,1,1,0,0
20251228,CMP08,ch_app,2,2,2,0,0,0,0
20251230,CMP08,ch_app,3,2,2,1,1,0,0
20260101,CMP08,ch_web,3,2,1,0,0,0,0
20251218,CMP08,ch_app,2,2,2,0,0,0,0
20260211,CMP08,ch_branch,3,2,1,0,0,0,0
20251129,CMP08,ch_web,2,2,1,0,0,0,0
20251202,CMP08,ch_branch,3,2,2,0,0,0,0
20251126,CMP08,ch_branch,2,2,1,0,0,1,0
20260111,CMP08,ch_web,3,2,1,0,0,0,0
20251126,CMP08,ch_web,3,2,1,0,0,0,0
20251120,CMP08,ch_web,4,3,1,0,0,1,1
20251123,CMP08,ch_web,3,3,2,0,0,0,0
20260202,CMP08,ch_app,3,3,0,0,0,0,0
20260203,CMP08,ch_web,4,3,1,0,0,0,0
20251110,CMP08,ch_web,6,5,3,2,0,1,0
20251127,CMP09,ch_web,1,0,0,0,0,0,0
20260111,CMP09,ch_web,1,0,0,0,0,0,0
20260210,CMP09,ch_app,1,0,0,0,0,0,0
20260120,CMP09,ch_app,1,0,0,0,0,0,0
20260221,CMP09,ch_branch,1,0,0,0,0,0,0
20251108,CMP09,ch_web,1,0,0,0,0,0,0
20251116,CMP09,ch_app,1,0,0,0,0,0,0
20251211,CMP09,ch_web,1,0,0,0,0,0,0
20260103,CMP09,ch_app,1,0,0,0,0,0,0
20251113,CMP09,ch_branch,1,0,0,0,0,0,0
20251101,CMP09,ch_branch,1,0,0,0,0,0,0
20251209,CMP09,ch_branch,1,0,0,0,0,0,0
20260103,CMP09,ch_branch,1,0,0,0,0,0,0
20251207,CMP09,ch_app,1,0,0,0,0,0,0
20251107,CMP09,ch_web,1,0,0,0,0,0,0
20260116,CMP09,ch_branch,1,0,0,0,0,0,0
20260205,CMP09,ch_branch,1,0,0,0,0,0,0
20251202,CMP09,ch_branch,1,0,0,0,0,0,0
20260127,CMP09,ch_web,1,0,0,0,0,0,0
20260218,CMP09,ch_app,1,0,0,0,0,0,0
20260220,CMP09,ch_app,1,0,0,0,0,0,0
20260125,CMP09,ch_web,2,0,0,0,0,0,0
20251123,CMP09,ch_web,1,0,0,0,0,0,0
20251110,CMP09,ch_app,1,0,0,0,0,0,0
20260114,CMP09,ch_web,1,0,0,0,0,0,0
20260126,CMP09,ch_web,4,0,0,0,0,0,0
20260212,CMP09,ch_branch,1,0,0,0,0,0,0
20251105,CMP09,ch_branch,1,0,0,0,0,0,0
20251123,CMP09,ch_branch,1,0,0,0,0,0,0
20251121,CMP09,ch_web,1,0,0,0,0,0,0
20251124,CMP09,ch_branch,1,0,0,0,0,0,0
20251022,CMP09,ch_app,1,0,0,0,0,0,0
20260210,CMP09,ch_branch,1,0,0,0,0,0,0
20251027,CMP09,ch_web,1,0,0,0,0,0,0
20251125,CMP09,ch_app,1,0,0,0,0,0,0
20260116,CMP09,ch_app,1,0,0,0,0,0,0
20260220,CMP09,ch_branch,2,0,0,0,0,0,0
20251025,CMP09,ch_branch,1,0,0,0,0,0,0
20251206,CMP09,ch_web,1,0,0,0,0,0,0
20251116,CMP09,ch_web,1,0,0,0,0,0,0
20251118,CMP09,ch_app,2,0,0,0,0,0,0
20260105,CMP09,ch_app,1,0,0,0,0,0,0
20260222,CMP09,ch_branch,1,0,0,0,0,0,0
20251026,CMP09,ch_web,1,0,0,0,0,0,0
20251031,CMP09,ch_web,2,0,0,0,0,0,0
20251129,CMP09,ch_web,2,0,0,0,0,0,0
20251130,CMP09,ch_app,1,0,0,0,0,0,0
20251205,CMP09,ch_branch,1,0,0,0,0,0,0
20260102,CMP09,ch_branch,1,0,0,0,0,0,0
20251028,CMP09,ch_app,1,0,0,0,0,0,0
20251104,CMP09,ch_app,1,0,0,0,0,0,0
20251202,CMP09,ch_app,1,0,0,0,0,0,0
20260126,CMP09,ch_branch,1,0,0,0,0,0,0
20251204,CMP09,ch_branch,1,0,0,0,0,0,0
20251213,CMP09,ch_branch,1,0,0,0,0,0,0
20251224,CMP09,ch_app,1,0,0,0,0,0,0
20260215,CMP09,ch_branch,1,0,0,0,0,0,0
20251024,CMP09,ch_app,1,1,1,0,0,0,0
20251117,CMP09,ch_branch,1,1,1,0,0,0,0
20251212,CMP09,ch_web,1,1,1,0,0,0,0
20251226,CMP09,ch_web,1,1,1,0,0,0,0
20251121,CMP09,ch_app,1,1,0,0,0,0,0
20251120,CMP09,ch_branch,1,1,0,0,0,0,0
20260218,CMP09,ch_web,1,1,1,0,0,0,0
20251227,CMP09,ch_app,2,1,0,0,0,0,0
20260119,CMP09,ch_app,2,1,1,0,0,0,0
20260222,CMP09,ch_app,2,1,0,0,0,0,0
20251112,CMP09,ch_app,1,1,0,0,0,0,0
20260110,CMP09,ch_branch,1,1,1,1,0,0,0
20251210,CMP09,ch_web,1,1,1,0,0,0,0
20260203,CMP09,ch_app,1,1,0,0,0,0,0
20251224,CMP09,ch_web,1,1,0,0,0,0,0
20260223,CMP09,ch_app,1,1,0,0,0,0,0
20251102,CMP09,ch_branch,1,1,0,0,0,0,0
20260301,CMP09,ch_branch,1,1,1,0,0,0,0
20251107,CMP09,ch_branch,1,1,0,0,0,0,0
20251214,CMP09,ch_app,2,1,1,0,0,0,0
20260213,CMP09,ch_web,2,1,1,0,0,1,1
20251229,CMP09,ch_web,1,1,0,0,0,0,0
20251230,CMP09,ch_branch,2,1,0,0,0,0,0
20251217,CMP09,ch_app,1,1,0,0,0,0,0
20251220,CMP09,ch_app,1,1,0,0,0,0,0
20260110,CMP09,ch_web,1,1,1,1,1,0,0
20251209,CMP09,ch_app,2,1,0,0,0,0,0
20251201,CMP09,ch_web,1,1,0,0,0,0,0
20251206,CMP09,ch_branch,1,1,0,0,0,0,0
20260214,CMP09,ch_branch,1,1,0,1,1,0,0
20260227,CMP09,ch_app,1,1,1,0,0,0,0
20260216,CMP09,ch_web,1,1,1,0,0,0,0
20251031,CMP09,ch_branch,1,1,1,0,0,0,0
20260201,CMP09,ch_app,1,1,0,0,0,0,0
20260222,CMP09,ch_web,1,1,0,0,0,0,0
20260208,CMP09,ch_branch,2,1,0,1,1,0,0
20251117,CMP09,ch_web,1,1,0,0,0,0,0
20251214,CMP09,ch_web,1,1,1,0,0,0,0
20251221,CMP09,ch_web,1,1,0,0,0,0,0
20260211,CMP09,ch_web,3,1,1,1,1,0,0
20251103,CMP09,ch_app,1,1,1,0,0,0,0
20251210,CMP09,ch_branch,1,1,0,0,0,0,0
20260109,CMP09,ch_app,1,1,1,0,0,0,0
20251105,CMP09,ch_web,1,1,0,0,0,0,0
20251029,CMP09,ch_web,1,1,0,1,0,0,0
20260108,CMP09,ch_web,2,1,1,0,0,0,0
20260202,CMP09,ch_branch,2,1,0,0,0,0,0
20260106,CMP09,ch_app,1,1,0,0,0,0,0
20260130,CMP09,ch_web,2,1,0,0,0,0,0
20260118,CMP09,ch_app,1,1,0,0,0,0,0
20251205,CMP09,ch_app,1,1,0,0,0,1,0
20251202,CMP09,ch_web,1,1,0,0,0,0,0
20260216,CMP09,ch_branch,1,1,1,0,0,0,0
20251130,CMP09,ch_web,1,1,0,0,0,0,0
20260103,CMP09,ch_web,1,1,0,0,0,0,0
20260117,CMP09,ch_web,2,1,1,0,0,0,0
20251220,CMP09,ch_web,1,1,1,0,0,0,0
20251225,CMP09,ch_web,1,1,0,0,0,0,0
20260303,CMP09,ch_web,1,1,1,0,0,0,0
20251112,CMP09,ch_web,2,1,0,0,0,0,0
20251023,CMP09,ch_branch,1,1,0,0,0,0,0
20251125,CMP09,ch_web,2,1,0,0,0,0,0
20251223,CMP09,ch_web,2,1,1,0,0,0,0
20251126,CMP09,ch_web,1,1,1,0,0,0,0
20260120,CMP09,ch_web,1,1,0,0,0,0,0
20260217,CMP09,ch_app,1,1,1,0,0,0,0
20251220,CMP09,ch_branch,2,1,0,0,0,0,0
20260224,CMP09,ch_app,2,1,0,0,0,0,0
20251106,CMP09,ch_web,1,1,0,0,0,0,0
20260214,CMP09,ch_app,2,1,0,0,0,0,0
20251203,CMP09,ch_web,2,1,0,0,0,0,0
20260211,CMP09,ch_app,2,1,1,0,0,0,0
20260119,CMP09,ch_branch,1,1,1,1,1,0,0
20251124,CMP09,ch_app,1,1,0,0,0,0,0
20260220,CMP09,ch_web,1,1,0,1,0,0,0
20260109,CMP09,ch_branch,1,1,0,0,0,0,0
20260208,CMP09,ch_app,1,1,1,0,0,0,0
20260224,CMP09,ch_branch,1,1,1,0,0,0,0
20251102,CMP09,ch_web,1,1,1,0,0,0,0
20251219,CMP09,ch_web,1,1,0,0,0,0,0
20260217,CMP09,ch_branch,1,1,0,0,0,0,0
20251111,CMP09,ch_app,1,1,1,0,0,0,0
20260207,CMP09,ch_app,1,1,1,0,0,0,0
20251107,CMP09,ch_app,2,1,1,0,0,0,0
20260121,CMP09,ch_app,1,1,1,0,0,0,0
20260223,CMP09,ch_web,1,1,0,0,0,0,0
20251122,CMP09,ch_web,1,1,0,0,0,0,0
20260115,CMP09,ch_branch,1,1,0,1,0,0,0
20260131,CMP09,ch_app,1,1,1,0,0,0,0
20260101,CMP09,ch_web,1,1,1,0,0,0,0
20260107,CMP09,ch_web,1,1,1,0,0,0,0
20251213,CMP09,ch_app,1,1,1,0,0,0,0
20260104,CMP09,ch_web,1,1,1,0,0,0,0
20260219,CMP09,ch_web,1,1,0,0,0,0,0
20251229,CMP09,ch_app,1,1,0,0,0,0,0
20260124,CMP09,ch_app,1,1,1,0,0,0,0
20260209,CMP09,ch_web,1,1,0,0,0,0,0
20251208,CMP09,ch_web,1,1,0,0,0,0,0
20260209,CMP09,ch_app,1,1,1,0,0,0,0
20251114,CMP09,ch_web,2,1,0,0,0,0,0
20260204,CMP09,ch_web,3,1,1,0,0,0,0
20260102,CMP09,ch_web,1,1,0,0,0,0,0
20251219,CMP09,ch_app,1,1,0,0,0,0,0
20260127,CMP09,ch_branch,1,1,1,0,0,0,0
20260228,CMP09,ch_branch,1,1,1,0,0,0,0
20260111,CMP09,ch_branch,2,2,2,1,1,0,0
20260126,CMP09,ch_app,2,2,0,0,0,0,0
20251210,CMP09,ch_app,2,2,2,0,0,0,0
20260122,CMP09,ch_app,2,2,1,0,0,0,0
20260118,CMP09,ch_branch,4,2,0,0,0,0,0
20251204,CMP09,ch_web,2,2,1,1,0,0,0
20251205,CMP09,ch_web,2,2,0,0,0,0,0
20260221,CMP09,ch_web,2,2,0,0,0,0,0
20251113,CMP09,ch_web,4,2,1,0,0,0,0
20251216,CMP09,ch_web,3,2,1,0,0,0,0
20251108,CMP09,ch_app,2,2,0,0,0,0,0
20251115,CMP09,ch_web,2,2,1,1,1,0,0
20251102,CMP09,ch_app,2,2,1,0,0,0,0
20251122,CMP09,ch_app,2,2,1,0,0,0,0
20251124,CMP09,ch_web,3,2,2,0,0,0,0
20251212,CMP09,ch_branch,2,2,1,0,0,0,0
20260125,CMP09,ch_app,2,2,1,0,0,0,0
20260203,CMP09,ch_web,3,2,2,1,1,0,0
20260215,CMP09,ch_web,2,2,1,2,1,0,0
20251213,CMP09,ch_web,2,2,0,0,0,1,1
20251104,CMP09,ch_web,3,2,2,1,1,0,0
20251222,CMP09,ch_web,2,2,0,0,0,0,0
20251030,CMP09,ch_branch,2,2,0,0,0,0,0
20260105,CMP09,ch_web,2,2,1,0,0,0,0
20251120,CMP09,ch_web,3,3,2,0,0,1,1
20260129,CMP09,ch_web,3,3,1,1,0,0,0
20251215,CMP09,ch_web,3,3,2,0,0,0,0
20260116,CMP09,ch_web,3,3,0,0,0,0,0
20251101,CMP09,ch_web,3,3,1,1,1,0,0
20260104,CMP10,ch_web,1,0,0,0,0,0,0
20251214,CMP10,ch_branch,1,0,0,0,0,0,0
20260119,CMP10,ch_branch,1,0,0,0,0,0,0
20251117,CMP10,ch_web,1,0,0,0,0,0,0
20260217,CMP10,ch_app,1,0,0,0,0,0,0
20260220,CMP10,ch_web,1,0,0,0,0,0,0
20251108,CMP10,ch_web,1,0,0,0,0,0,0
20251119,CMP10,ch_web,1,0,0,0,0,0,0
20260116,CMP10,ch_app,1,0,0,0,0,0,0
20251213,CMP10,ch_app,2,0,0,0,0,0,0
20260221,CMP10,ch_branch,1,0,0,0,0,0,0
20260116,CMP10,ch_branch,1,0,0,0,0,0,0
20260101,CMP10,ch_app,1,0,0,0,0,0,0
20251121,CMP10,ch_app,1,0,0,0,0,0,0
20251127,CMP10,ch_web,1,0,0,0,0,0,0
20251217,CMP10,ch_app,1,0,0,0,0,0,0
20251213,CMP10,ch_branch,2,0,0,0,0,0,0
20260116,CMP10,ch_web,1,0,0,0,0,0,0
20260109,CMP10,ch_web,1,0,0,0,0,0,0
20251219,CMP10,ch_branch,1,0,0,0,0,0,0
20260222,CMP10,ch_branch,1,0,0,0,0,0,0
20251107,CMP10,ch_branch,1,0,0,0,0,0,0
20260129,CMP10,ch_web,1,0,0,0,0,0,0
20251029,CMP10,ch_branch,1,0,0,0,0,0,0
20260119,CMP10,ch_web,1,0,0,0,0,0,0
20260219,CMP10,ch_app,1,0,0,0,0,0,0
20251202,CMP10,ch_web,1,0,0,0,0,0,0
20251206,CMP10,ch_branch,1,0,0,0,0,0,0
20260111,CMP10,ch_app,1,0,0,0,0,0,0
20260125,CMP10,ch_branch,1,0,0,0,0,0,0
20251202,CMP10,ch_app,1,0,0,0,0,0,0
20260115,CMP10,ch_app,1,0,0,0,0,0,0
20260106,CMP10,ch_web,1,0,0,0,0,0,0
20251209,CMP10,ch_web,1,0,0,0,0,0,0
20260209,CMP10,ch_app,1,0,0,0,0,0,0
20251124,CMP10,ch_web,1,0,0,0,0,0,0
20251125,CMP10,ch_app,1,0,0,0,0,0,0
20251205,CMP10,ch_web,2,0,0,0,0,0,0
20251105,CMP10,ch_web,1,0,0,0,0,0,0
20251220,CMP10,ch_branch,2,1,0,0,0,0,0
20260213,CMP10,ch_app,1,1,0,0,0,0,0
20260220,CMP10,ch_branch,1,1,0,0,0,0,0
20260227,CMP10,ch_web,1,1,1,0,0,0,0
20251103,CMP10,ch_branch,1,1,0,0,0,0,0
20251122,CMP10,ch_branch,1,1,0,0,0,0,0
20251120,CMP10,ch_branch,1,1,0,0,0,0,0
20260205,CMP10,ch_app,1,1,1,0,0,0,0
20251204,CMP10,ch_app,3,1,0,0,0,0,0
20251204,CMP10,ch_web,1,1,1,0,0,0,0
20260106,CMP10,ch_branch,1,1,1,0,0,0,0
20260101,CMP10,ch_branch,1,1,1,0,0,0,0
20260218,CMP10,ch_branch,1,1,0,0,0,0,0
20251125,CMP10,ch_web,1,1,0,0,0,0,0
20251223,CMP10,ch_branch,1,1,0,0,0,0,0
20260113,CMP10,ch_web,1,1,1,0,0,0,0
20260105,CMP10,ch_web,2,1,0,0,0,1,0
20251203,CMP10,ch_app,2,1,0,0,0,0,0
20251030,CMP10,ch_branch,1,1,0,0,0,0,0
20251203,CMP10,ch_web,1,1,0,0,0,0,0
20260121,CMP10,ch_branch,1,1,0,0,0,0,0
20251230,CMP10,ch_web,1,1,0,0,0,0,0
20260131,CMP10,ch_web,1,1,1,0,0,0,0
20251106,CMP10,ch_web,1,1,0,0,0,0,0
20251116,CMP10,ch_branch,2,1,0,0,0,0,0
20251210,CMP10,ch_branch,2,1,0,1,0,0,0
20251222,CMP10,ch_branch,1,1,0,0,0,0,0
20260112,CMP10,ch_branch,1,1,0,0,0,0,0
20260118,CMP10,ch_branch,1,1,0,0,0,0,0
20251215,CMP10,ch_web,2,1,0,0,0,0,0
20251218,CMP10,ch_branch,2,1,1,0,0,0,0
20251219,CMP10,ch_web,2,1,1,0,0,0,0
20260227,CMP10,ch_app,1,1,0,1,0,0,0
20251129,CMP10,ch_web,1,1,1,0,0,0,0
20260123,CMP10,ch_web,1,1,1,0,0,0,0
20260126,CMP10,ch_branch,1,1,1,0,0,0,0
20251215,CMP10,ch_app,1,1,1,0,0,0,0
20251216,CMP10,ch_branch,1,1,0,0,0,0,0
20260108,CMP10,ch_web,1,1,0,0,0,0,0
20251121,CMP10,ch_web,2,1,0,0,0,0,0
20260209,CMP10,ch_web,1,1,1,0,0,0,0
20260221,CMP10,ch_web,1,1,0,0,0,0,0
20251126,CMP10,ch_app,1,1,0,0,0,0,0
20251212,CMP10,ch_web,2,1,0,0,0,0,0
20260131,CMP10,ch_branch,1,1,1,0,0,0,0
20260206,CMP10,ch_web,2,1,1,0,0,0,0
20251115,CMP10,ch_web,1,1,0,0,0,0,0
20251222,CMP10,ch_web,1,1,0,0,0,0,0
20260110,CMP10,ch_app,1,1,0,0,0,0,0
20260206,CMP10,ch_app,1,1,0,0,0,0,0
20251220,CMP10,ch_app,2,1,0,1,1,0,0
20251106,CMP10,ch_app,1,1,1,0,0,0,0
20251111,CMP10,ch_app,1,1,1,0,0,0,0
20251126,CMP10,ch_branch,2,1,0,0,0,0,0
20251121,CMP10,ch_branch,1,1,0,0,0,0,0
20251210,CMP10,ch_app,1,1,1,0,0,1,0
20251229,CMP10,ch_web,1,1,1,0,0,0,0
20251109,CMP10,ch_branch,2,1,0,0,0,0,0
20251227,CMP10,ch_branch,1,1,1,0,0,0,0
20260124,CMP10,ch_web,1,1,0,0,0,1,0
20260121,CMP10,ch_web,1,1,1,0,0,0,0
20260214,CMP10,ch_web,1,1,1,0,0,0,0
20260301,CMP10,ch_web,1,1,0,0,0,0,0
20251122,CMP10,ch_web,2,1,0,0,0,0,0
20260115,CMP10,ch_web,1,1,0,1,0,0,0
20260120,CMP10,ch_branch,1,1,0,0,0,0,0
20251025,CMP10,ch_app,1,1,1,0,0,0,0
20251109,CMP10,ch_app,1,1,0,0,0,0,0
20251201,CMP10,ch_app,1,1,1,0,0,0,0
20260125,CMP10,ch_app,1,1,0,0,0,0,0
20260213,CMP10,ch_web,2,1,1,0,0,0,0
20260126,CMP10,ch_web,1,1,1,0,0,0,0
20251214,CMP10,ch_app,1,1,1,1,1,0,0
20260214,CMP10,ch_branch,1,1,0,0,0,0,0
20251228,CMP10,ch_app,1,1,0,0,0,0,0
20260224,CMP10,ch_branch,1,1,1,0,0,0,0
20260205,CMP10,ch_branch,2,1,1,0,0,0,0
20251113,CMP10,ch_web,1,1,0,0,0,0,0
20260103,CMP10,ch_web,1,1,1,0,0,0,0
20251114,CMP10,ch_app,1,1,0,1,1,0,0
20251224,CMP10,ch_branch,1,1,0,0,0,0,0
20251208,CMP10,ch_branch,1,1,1,0,0,0,0
20251216,CMP10,ch_web,1,1,0,1,1,0,0
20260219,CMP10,ch_branch,1,1,1,0,0,0,0
20251102,CMP10,ch_web,2,1,0,0,0,0,0
20251128,CMP10,ch_app,1,1,0,0,0,0,0
20260112,CMP10,ch_web,1,1,1,0,0,0,0
20260301,CMP10,ch_app,1,1,1,0,0,0,0
20251031,CMP10,ch_web,2,1,0,0,0,0,0
20251027,CMP10,ch_web,1,1,1,0,0,0,0
20260112,CMP10,ch_app,2,1,1,0,0,0,0
20251230,CMP10,ch_app,1,1,1,1,1,1,1
20260212,CMP10,ch_app,1,1,0,0,0,0,0
20260218,CMP10,ch_web,1,1,0,0,0,0,0
20251126,CMP10,ch_web,1,1,0,0,0,0,0
20260108,CMP10,ch_branch,1,1,0,0,0,0,0
20251201,CMP10,ch_web,2,1,1,0,0,0,0
20251025,CMP10,ch_web,1,1,0,0,0,0,0
20260115,CMP10,ch_branch,1,1,1,1,1,0,0
20251111,CMP10,ch_branch,2,1,0,0,0,0,0
20251221,CMP10,ch_web,1,1,0,0,0,1,0
20251227,CMP10,ch_web,1,1,1,0,0,0,0
20260125,CMP10,ch_web,1,1,0,0,0,0,0
20251105,CMP10,ch_app,2,2,2,0,0,0,0
20251218,CMP10,ch_app,2,2,0,0,0,0,0
20251209,CMP10,ch_branch,2,2,1,0,0,0,0
20260120,CMP10,ch_web,2,2,0,2,2,0,0
20260211,CMP10,ch_web,3,2,1,0,0,0,0
20260208,CMP10,ch_web,2,2,2,1,1,0,0
20251130,CMP10,ch_web,2,2,0,0,0,1,0
20260114,CMP10,ch_web,2,2,1,0,0,0,0
20251123,CMP10,ch_web,2,2,1,1,1,0,0
20260117,CMP10,ch_web,2,2,1,1,1,0,0
20260118,CMP10,ch_app,2,2,0,1,0,0,0
20260128,CMP10,ch_web,2,2,1,0,0,0,0
20260203,CMP10,ch_web,3,2,1,0,0,0,0
20260107,CMP10,ch_web,3,2,1,1,1,0,0
20260211,CMP10,ch_app,2,2,1,0,0,0,0
20260211,CMP10,ch_branch,2,2,0,0,0,0,0
20251102,CMP10,ch_branch,2,2,2,0,0,0,0
20251112,CMP10,ch_web,2,2,1,1,0,0,0
20260123,CMP10,ch_app,2,2,1,1,1,0,0
20251101,CMP10,ch_branch,2,2,1,0,0,0,0
20251225,CMP10,ch_web,3,2,0,0,0,0,0
20260204,CMP10,ch_app,3,2,1,0,0,0,0
20251206,CMP10,ch_web,2,2,2,0,0,0,0
20260110,CMP10,ch_web,3,2,0,1,1,0,0
20251217,CMP10,ch_web,3,2,1,0,0,0,0
20251117,CMP10,ch_branch,2,2,1,0,0,0,0
20251110,CMP10,ch_web,2,2,2,0,0,0,0
20251103,CMP10,ch_web,2,2,1,0,0,0,0
20260201,CMP10,ch_web,3,2,0,0,0,0,0
20251103,CMP10,ch_app,2,2,1,1,1,0,0
20251220,CMP10,ch_web,4,3,3,0,0,0,0
20251128,CMP10,ch_web,4,3,1,0,0,0,0
20251210,CMP10,ch_web,3,3,2,2,1,0,0
20251029,CMP10,ch_web,4,4,3,1,0,0,0
20251116,CMP10,ch_web,4,4,1,0,0,0,0
20260204,CMP10,ch_web,4,4,2,1,0,0,0
20251115,CMP11,ch_web,1,0,0,0,0,0,0
20251211,CMP11,ch_web,1,0,0,0,0,0,0
20260110,CMP11,ch_app,2,0,0,0,0,0,0
20260118,CMP11,ch_app,1,0,0,0,0,0,0
20251102,CMP11,ch_branch,1,0,0,0,0,0,0
20251123,CMP11,ch_branch,1,0,0,0,0,0,0
20251107,CMP11,ch_app,1,0,0,0,0,0,0
20260211,CMP11,ch_web,1,0,0,0,0,0,0
20251204,CMP11,ch_branch,1,0,0,0,0,0,0
20251228,CMP11,ch_branch,1,0,0,0,0,0,0
20260111,CMP11,ch_app,2,0,0,0,0,0,0
20251104,CMP11,ch_branch,1,0,0,0,0,0,0
20260212,CMP11,ch_branch,1,0,0,0,0,0,0
20260217,CMP11,ch_web,1,0,0,0,0,0,0
20251114,CMP11,ch_branch,1,0,0,0,0,0,0
20251231,CMP11,ch_web,1,0,0,0,0,0,0
20251216,CMP11,ch_web,1,0,0,0,0,0,0
20251231,CMP11,ch_branch,1,0,0,0,0,0,0
20260216,CMP11,ch_web,1,0,0,0,0,0,0
20260128,CMP11,ch_app,1,0,0,0,0,0,0
20251223,CMP11,ch_web,2,0,0,0,0,0,0
20251109,CMP11,ch_web,1,0,0,0,0,0,0
20251212,CMP11,ch_app,1,0,0,0,0,0,0
20260202,CMP11,ch_web,1,0,0,0,0,0,0
20251124,CMP11,ch_app,1,0,0,0,0,0,0
20260102,CMP11,ch_app,1,0,0,0,0,0,0
20251108,CMP11,ch_web,1,0,0,0,0,0,0
20260214,CMP11,ch_app,1,0,0,0,0,0,0
20251103,CMP11,ch_app,1,0,0,0,0,0,0
20260112,CMP11,ch_app,1,0,0,0,0,0,0
20251206,CMP11,ch_app,1,0,0,0,0,0,0
20251230,CMP11,ch_web,2,0,0,0,0,0,0
20251117,CMP11,ch_app,1,0,0,0,0,0,0
20260123,CMP11,ch_web,1,0,0,0,0,0,0
20251114,CMP11,ch_app,1,0,0,0,0,0,0
20251031,CMP11,ch_branch,1,0,0,0,0,0,0
20251201,CMP11,ch_branch,1,0,0,0,0,0,0
20260120,CMP11,ch_branch,1,0,0,0,0,0,0
20251214,CMP11,ch_web,1,0,0,0,0,0,0
20251025,CMP11,ch_branch,1,0,0,0,0,0,0
20251215,CMP11,ch_web,1,0,0,0,0,0,0
20260108,CMP11,ch_web,2,0,0,0,0,0,0
20260218,CMP11,ch_branch,1,0,0,0,0,0,0
20251127,CMP11,ch_app,1,0,0,0,0,0,0
20251212,CMP11,ch_web,1,0,0,0,0,0,0
20251113,CMP11,ch_web,1,1,1,0,0,0,0
20251112,CMP11,ch_app,1,1,1,0,0,0,0
20251124,CMP11,ch_web,1,1,0,0,0,0,0
20260128,CMP11,ch_web,1,1,0,0,0,0,0
20251210,CMP11,ch_app,1,1,1,0,0,0,0
20260113,CMP11,ch_app,1,1,0,0,0,0,0
20260116,CMP11,ch_web,2,1,0,0,0,0,0
20251113,CMP11,ch_app,1,1,0,0,0,0,0
20251221,CMP11,ch_branch,1,1,0,0,0,0,0
20260102,CMP11,ch_branch,1,1,0,0,0,0,0
20251223,CMP11,ch_app,1,1,0,0,0,0,0
20251115,CMP11,ch_app,2,1,0,0,0,0,0
20251204,CMP11,ch_app,1,1,0,0,0,0,0
20251230,CMP11,ch_app,1,1,0,0,0,0,0
20260117,CMP11,ch_web,1,1,0,0,0,0,0
20260219,CMP11,ch_app,1,1,0,0,0,0,0
20251225,CMP11,ch_app,3,1,0,0,0,0,0
20251125,CMP11,ch_app,1,1,1,1,1,0,0
20251217,CMP11,ch_web,1,1,1,0,0,0,0
20260209,CMP11,ch_app,1,1,0,0,0,0,0
20260105,CMP11,ch_web,2,1,0,1,1,1,1
20251202,CMP11,ch_web,1,1,0,0,0,0,0
20260123,CMP11,ch_branch,1,1,1,0,0,0,0
20251225,CMP11,ch_branch,1,1,0,0,0,0,0
20251031,CMP11,ch_web,1,1,0,1,0,0,0
20260118,CMP11,ch_branch,1,1,0,0,0,0,0
20260115,CMP11,ch_web,4,1,0,0,0,0,0
20251101,CMP11,ch_app,1,1,0,0,0,0,0
20260227,CMP11,ch_web,1,1,1,0,0,0,0
20251129,CMP11,ch_web,3,1,1,0,0,0,0
20260226,CMP11,ch_app,1,1,1,0,0,0,0
20251025,CMP11,ch_web,1,1,0,0,0,0,0
20251218,CMP11,ch_branch,1,1,0,0,0,0,0
20260114,CMP11,ch_branch,1,1,1,0,0,0,0
20260203,CMP11,ch_branch,1,1,1,0,0,0,0
20260220,CMP11,ch_web,1,1,0,0,0,0,0
20251115,CMP11,ch_branch,1,1,1,0,0,0,0
20251223,CMP11,ch_branch,1,1,1,0,0,0,0
20260124,CMP11,ch_app,1,1,1,1,1,0,0
20251121,CMP11,ch_app,1,1,1,1,1,0,0
20251121,CMP11,ch_web,1,1,0,0,0,0,0
20251029,CMP11,ch_web,2,1,0,0,0,1,0
20251028,CMP11,ch_branch,1,1,1,0,0,0,0
20251220,CMP11,ch_web,1,1,1,0,0,0,0
20260118,CMP11,ch_web,1,1,0,0,0,0,0
20260207,CMP11,ch_web,1,1,1,0,0,0,0
20260113,CMP11,ch_web,1,1,0,0,0,0,0
20260117,CMP11,ch_branch,1,1,0,0,0,0,0
20260212,CMP11,ch_web,1,1,0,0,0,0,0
20251116,CMP11,ch_web,1,1,0,0,0,0,0
20251128,CMP11,ch_web,2,1,0,0,0,0,0
20251104,CMP11,ch_app,1,1,1,0,0,0,0
20260213,CMP11,ch_web,2,1,0,0,0,0,0
20251202,CMP11,ch_app,1,1,0,0,0,0,0
20251219,CMP11,ch_branch,1,1,0,1,0,0,0
20260217,CMP11,ch_app,1,1,0,0,0,0,0
20251112,CMP11,ch_web,3,1,1,0,0,0,0
20260104,CMP11,ch_app,1,1,0,0,0,0,0
20260110,CMP11,ch_branch,1,1,0,0,0,0,0
20251108,CMP11,ch_app,1,1,0,0,0,0,0
20260129,CMP11,ch_branch,1,1,1,0,0,0,0
20251101,CMP11,ch_branch,1,1,1,0,0,0,0
20260115,CMP11,ch_app,1,1,0,0,0,0,0
20251208,CMP11,ch_branch,1,1,1,0,0,0,0
20251219,CMP11,ch_web,1,1,1,0,0,0,0
20251103,CMP11,ch_branch,2,1,1,0,0,0,0
20251217,CMP11,ch_branch,1,1,0,0,0,0,0
20251110,CMP11,ch_branch,1,1,0,0,0,0,0
20251226,CMP11,ch_branch,2,1,1,0,0,0,0
20251218,CMP11,ch_app,1,1,0,0,0,0,0
20251222,CMP11,ch_web,2,1,0,0,0,0,0
20251206,CMP11,ch_branch,1,1,1,0,0,0,0
20260126,CMP11,ch_web,1,1,0,0,0,0,0
20260131,CMP11,ch_app,4,1,1,0,0,0,0
20251212,CMP11,ch_branch,1,1,0,0,0,1,0
20251226,CMP11,ch_app,1,1,0,0,0,0,0
20260110,CMP11,ch_web,1,1,0,0,0,0,0
20260209,CMP11,ch_branch,1,1,0,0,0,0,0
20260119,CMP11,ch_branch,1,1,1,0,0,0,0
20260225,CMP11,ch_web,1,1,1,0,0,0,0
20260101,CMP11,ch_web,2,1,0,0,0,0,0
20260205,CMP11,ch_web,3,1,1,0,0,0,0
20251110,CMP11,ch_web,1,1,0,0,0,0,0
20251106,CMP11,ch_web,1,1,0,0,0,0,0
20260213,CMP11,ch_branch,2,1,1,0,0,0,0
20260125,CMP11,ch_web,1,1,0,0,0,0,0
20251201,CMP11,ch_web,2,1,0,1,1,0,0
20251119,CMP11,ch_web,2,1,0,0,0,0,0
20251123,CMP11,ch_web,2,1,0,0,0,0,0
20260114,CMP11,ch_web,2,1,0,0,0,0,0
20251118,CMP11,ch_branch,1,1,1,0,0,0,0
20251220,CMP11,ch_app,2,1,0,0,0,0,0
20251111,CMP11,ch_web,1,1,0,0,0,0,0
20251117,CMP11,ch_web,1,1,1,0,0,0,0
20251120,CMP11,ch_web,1,1,1,0,0,0,0
20251125,CMP11,ch_web,2,1,1,0,0,0,0
20260129,CMP11,ch_web,2,1,1,0,0,0,0
20260221,CMP11,ch_app,2,1,1,1,1,0,0
20251015,CMP11,ch_web,1,1,0,0,0,0,0
20251228,CMP11,ch_web,1,1,0,0,0,0,0
20260131,CMP11,ch_branch,1,1,0,1,1,0,0
20260205,CMP11,ch_app,1,1,0,1,0,0,0
20260222,CMP11,ch_app,1,1,1,0,0,0,0
20260227,CMP11,ch_branch,1,1,1,0,0,0,0
20260225,CMP11,ch_app,1,1,0,0,0,0,0
20260209,CMP11,ch_web,2,1,0,0,0,0,0
20251229,CMP11,ch_branch,1,1,1,1,1,0,0
20260211,CMP11,ch_branch,1,1,0,0,0,0,0
20260216,CMP11,ch_app,1,1,0,0,0,0,0
20260126,CMP11,ch_app,1,1,1,0,0,0,0
20260206,CMP11,ch_app,1,1,0,0,0,0,0
20260215,CMP11,ch_web,1,1,0,1,1,0,0
20260226,CMP11,ch_branch,1,1,1,0,0,0,0
20251209,CMP11,ch_branch,2,1,1,0,0,0,0
20260203,CMP11,ch_web,1,1,0,0,0,0,0
20251123,CMP11,ch_app,2,1,0,0,0,0,0
20251018,CMP11,ch_web,1,1,0,0,0,0,0
20251201,CMP11,ch_app,1,1,0,0,0,0,0
20260214,CMP11,ch_web,1,1,0,0,0,0,0
20260105,CMP11,ch_app,2,2,1,0,0,0,0
20251126,CMP11,ch_web,3,2,1,1,1,0,0
20260111,CMP11,ch_web,3,2,0,0,0,0,0
20260119,CMP11,ch_app,2,2,2,1,0,0,0
20251102,CMP11,ch_web,2,2,1,0,0,0,0
20260208,CMP11,ch_app,2,2,1,0,0,0,0
20260103,CMP11,ch_web,4,2,1,0,0,0,0
20260124,CMP11,ch_web,3,2,0,0,0,0,0
20260109,CMP11,ch_app,3,2,1,0,0,0,0
20260112,CMP11,ch_web,2,2,2,0,0,0,0
20260122,CMP11,ch_app,2,2,0,0,0,0,0
20260127,CMP11,ch_web,3,2,1,0,0,1,0
20260220,CMP11,ch_app,2,2,0,0,0,0,0
20260120,CMP11,ch_web,2,2,1,0,0,0,0
20251207,CMP11,ch_web,3,2,1,0,0,0,0
20260218,CMP11,ch_web,2,2,2,0,0,0,0
20251224,CMP11,ch_web,2,2,1,0,0,0,0
20260121,CMP11,ch_web,2,2,2,0,0,0,0
20260119,CMP11,ch_web,3,2,1,0,0,0,0
20251229,CMP11,ch_web,2,2,2,0,0,0,0
20251114,CMP11,ch_web,2,2,1,0,0,0,0
20251215,CMP11,ch_branch,3,2,1,1,0,0,0
20251104,CMP11,ch_web,2,2,2,1,0,0,0
20260127,CMP11,ch_branch,2,2,1,1,0,0,0
20260109,CMP11,ch_web,2,2,0,0,0,0,0
20260102,CMP11,ch_web,2,2,1,0,0,0,0
20260106,CMP11,ch_web,3,3,1,1,0,0,0
20260206,CMP11,ch_web,4,3,1,0,0,0,0
20260104,CMP11,ch_web,3,3,1,0,0,0,0
20251027,CMP11,ch_web,3,3,3,1,0,0,0
20260210,CMP11,ch_web,3,3,2,0,0,0,0
20251221,CMP11,ch_app,3,3,1,2,2,0,0
20251206,CMP11,ch_web,4,4,3,1,1,0,0
20251111,CMP12,ch_branch,1,0,0,0,0,0,0
20260203,CMP12,ch_web,2,0,0,0,0,0,0
20260206,CMP12,ch_app,1,0,0,0,0,0,0
20251025,CMP12,ch_web,1,0,0,0,0,0,0
20251211,CMP12,ch_app,1,0,0,0,0,0,0
20251226,CMP12,ch_web,1,0,0,0,0,0,0
20251114,CMP12,ch_branch,1,0,0,0,0,0,0
20260202,CMP12,ch_web,1,0,0,0,0,0,0
20251210,CMP12,ch_web,1,0,0,0,0,0,0
20260118,CMP12,ch_app,1,0,0,0,0,0,0
20251105,CMP12,ch_web,1,0,0,0,0,0,0
20251124,CMP12,ch_branch,1,0,0,0,0,0,0
20260126,CMP12,ch_branch,1,0,0,0,0,0,0
20260204,CMP12,ch_branch,1,0,0,0,0,0,0
20251126,CMP12,ch_branch,1,0,0,0,0,0,0
20251217,CMP12,ch_branch,1,0,0,0,0,0,0
20260125,CMP12,ch_app,1,0,0,0,0,0,0
20251119,CMP12,ch_web,1,0,0,0,0,0,0
20251213,CMP12,ch_app,1,0,0,0,0,0,0
20251118,CMP12,ch_app,1,0,0,0,0,0,0
20251227,CMP12,ch_web,1,0,0,0,0,0,0
20251020,CMP12,ch_web,1,0,0,0,0,0,0
20260109,CMP12,ch_web,1,0,0,0,0,0,0
20251216,CMP12,ch_web,1,0,0,0,0,0,0
20251026,CMP12,ch_web,1,0,0,0,0,0,0
20251031,CMP12,ch_branch,1,0,0,0,0,0,0
20251127,CMP12,ch_web,1,0,0,0,0,0,0
20251101,CMP12,ch_web,2,0,0,0,0,0,0
20251129,CMP12,ch_app,1,0,0,0,0,0,0
20260212,CMP12,ch_branch,1,0,0,0,0,0,0
20260301,CMP12,ch_branch,1,0,0,0,0,0,0
20251103,CMP12,ch_web,1,0,0,0,0,0,0
20251110,CMP12,ch_app,1,0,0,0,0,0,0
20251217,CMP12,ch_app,1,0,0,0,0,0,0
20251222,CMP12,ch_app,1,0,0,0,0,0,0
20260116,CMP12,ch_app,1,0,0,0,0,0,0
20260126,CMP12,ch_web,2,0,0,0,0,0,0
20260202,CMP12,ch_branch,1,0,0,0,0,0,0
20251228,CMP12,ch_web,1,0,0,0,0,0,0
20260206,CMP12,ch_web,1,0,0,0,0,0,0
20260220,CMP12,ch_web,1,0,0,0,0,0,0
20251030,CMP12,ch_web,2,0,0,0,0,0,0
20260118,CMP12,ch_branch,2,1,1,0,0,0,0
20260207,CMP12,ch_web,1,1,1,0,0,0,0
20251230,CMP12,ch_app,2,1,0,1,1,0,0
20251111,CMP12,ch_app,1,1,1,0,0,0,0
20251115,CMP12,ch_branch,1,1,1,0,0,0,0
20251215,CMP12,ch_app,1,1,0,0,0,0,0
20251121,CMP12,ch_branch,1,1,0,0,0,0,0
20251107,CMP12,ch_branch,2,1,0,0,0,0,0
20251024,CMP12,ch_web,1,1,0,0,0,0,0
20251209,CMP12,ch_web,1,1,1,0,0,0,0
20251122,CMP12,ch_branch,1,1,1,0,0,0,0
20260105,CMP12,ch_branch,1,1,1,0,0,0,0
20260119,CMP12,ch_web,1,1,0,0,0,0,0
20251130,CMP12,ch_web,1,1,0,0,0,0,0
20251103,CMP12,ch_app,1,1,1,0,0,0,0
20251223,CMP12,ch_branch,1,1,0,0,0,0,0
20260116,CMP12,ch_branch,1,1,1,0,0,0,0
20260209,CMP12,ch_app,2,1,1,0,0,0,0
20251224,CMP12,ch_branch,1,1,1,0,0,0,0
20260127,CMP12,ch_branch,1,1,1,0,0,0,0
20260201,CMP12,ch_web,1,1,0,0,0,0,0
20251212,CMP12,ch_app,2,1,1,0,0,0,0
20251221,CMP12,ch_web,2,1,0,1,1,0,0
20251027,CMP12,ch_branch,1,1,1,0,0,0,0
20260210,CMP12,ch_web,1,1,1,0,0,0,0
20260217,CMP12,ch_app,1,1,0,0,0,0,0
20251110,CMP12,ch_web,1,1,0,0,0,0,0
20251113,CMP12,ch_web,1,1,1,0,0,0,0
20251218,CMP12,ch_web,1,1,0,0,0,0,0
20260115,CMP12,ch_app,2,1,1,0,0,0,0
20251122,CMP12,ch_web,1,1,1,1,0,0,0
20251206,CMP12,ch_web,2,1,0,0,0,0,0
20260106,CMP12,ch_web,3,1,0,0,0,0,0
20260113,CMP12,ch_web,2,1,0,1,0,0,0
20251201,CMP12,ch_web,1,1,0,0,0,0,0
20251128,CMP12,ch_app,1,1,0,1,1,0,0
20260225,CMP12,ch_app,1,1,1,0,0,0,0
20251203,CMP12,ch_app,1,1,0,0,0,0,0
20251228,CMP12,ch_app,1,1,0,0,0,0,0
20260211,CMP12,ch_app,1,1,1,0,0,0,0
20260214,CMP12,ch_app,1,1,1,0,0,0,0
20260217,CMP12,ch_web,1,1,0,0,0,0,0
20260213,CMP12,ch_branch,1,1,0,0,0,0,0
20251222,CMP12,ch_web,1,1,1,0,0,0,0
20260103,CMP12,ch_web,1,1,1,1,0,0,0
20260118,CMP12,ch_web,2,1,1,0,0,0,0
20251210,CMP12,ch_branch,1,1,1,0,0,0,0
20260107,CMP12,ch_web,1,1,1,0,0,0,0
20260202,CMP12,ch_app,1,1,0,0,0,0,0
20251207,CMP12,ch_branch,1,1,0,0,0,0,0
20251217,CMP12,ch_web,1,1,1,0,0,0,0
20251225,CMP12,ch_app,1,1,0,0,0,0,0
20251117,CMP12,ch_web,1,1,0,0,0,0,0
20260223,CMP12,ch_web,1,1,1,0,0,0,0
20251028,CMP12,ch_web,1,1,0,0,0,0,0
20251118,CMP12,ch_web,1,1,0,0,0,0,0
20251125,CMP12,ch_app,2,1,0,1,1,0,0
20251124,CMP12,ch_app,1,1,0,0,0,0,0
20251228,CMP12,ch_branch,1,1,0,0,0,0,0
20260107,CMP12,ch_app,1,1,0,0,0,0,0
20260208,CMP12,ch_web,2,1,1,0,0,0,0
20251204,CMP12,ch_web,1,1,0,0,0,0,0
20260114,CMP12,ch_branch,1,1,1,0,0,0,0
20260131,CMP12,ch_app,1,1,1,0,0,0,0
20260120,CMP12,ch_app,2,1,1,0,0,0,0
20251229,CMP12,ch_web,1,1,0,0,0,0,0
20251117,CMP12,ch_branch,1,1,0,1,1,0,0
20251128,CMP12,ch_branch,1,1,1,0,0,0,0
20260218,CMP12,ch_branch,1,1,1,0,0,1,1
20260112,CMP12,ch_web,2,1,1,0,0,0,0
20260114,CMP12,ch_web,1,1,1,0,0,0,0
20260131,CMP12,ch_web,1,1,0,0,0,0,0
20260130,CMP12,ch_app,1,1,1,0,0,0,0
20260205,CMP12,ch_web,1,1,0,0,0,0,0
20260219,CMP12,ch_web,1,1,0,0,0,0,0
20260208,CMP12,ch_branch,1,1,1,0,0,0,0
20251113,CMP12,ch_branch,1,1,1,0,0,0,0
20251022,CMP12,ch_branch,1,1,1,0,0,0,0
20251108,CMP12,ch_app,1,1,0,0,0,0,0
20251130,CMP12,ch_app,1,1,1,0,0,0,0
20251222,CMP12,ch_branch,1,1,0,0,0,0,0
20260108,CMP12,ch_web,1,1,1,1,1,0,0
20251216,CMP12,ch_app,1,1,0,0,0,0,0
20260127,CMP12,ch_web,1,1,0,0,0,0,0
20260131,CMP12,ch_branch,1,1,0,0,0,0,0
20251227,CMP12,ch_app,2,1,1,0,0,0,0
20251028,CMP12,ch_app,1,1,0,0,0,0,0
20260219,CMP12,ch_app,1,1,1,0,0,0,0
20260224,CMP12,ch_web,1,1,1,0,0,0,0
20260206,CMP12,ch_branch,1,1,1,0,0,0,0
20260123,CMP12,ch_branch,1,1,1,0,0,0,0
20251112,CMP12,ch_app,1,1,1,0,0,0,0
20260127,CMP12,ch_app,1,1,0,0,0,0,0
20251114,CMP12,ch_web,1,1,0,0,0,0,0
20260108,CMP12,ch_branch,1,1,0,0,0,0,0
20260214,CMP12,ch_web,1,1,1,0,0,0,0
20251106,CMP12,ch_web,1,1,0,0,0,0,0
20251229,CMP12,ch_branch,1,1,0,0,0,0,0
20260110,CMP12,ch_app,1,1,1,0,0,0,0
20260117,CMP12,ch_web,1,1,0,0,0,0,0
20260209,CMP12,ch_web,1,1,0,1,1,0,0
20251203,CMP12,ch_web,1,1,0,0,0,0,0
20260201,CMP12,ch_branch,1,1,1,0,0,0,0
20260210,CMP12,ch_app,1,1,0,0,0,0,0
20260215,CMP12,ch_web,3,2,2,0,0,0,0
20260122,CMP12,ch_web,3,2,1,0,0,1,0
20260117,CMP12,ch_branch,2,2,1,0,0,0,0
20260204,CMP12,ch_web,3,2,1,1,1,0,0
20251112,CMP12,ch_branch,2,2,2,0,0,0,0
20251031,CMP12,ch_web,2,2,0,0,0,0,0
20251104,CMP12,ch_web,2,2,0,0,0,0,0
20260211,CMP12,ch_web,2,2,0,0,0,0,0
20260212,CMP12,ch_web,3,2,0,0,0,0,0
20251109,CMP12,ch_web,2,2,2,0,0,0,0
20251221,CMP12,ch_app,2,2,1,0,0,0,0
20251223,CMP12,ch_web,3,2,0,0,0,0,0
20260218,CMP12,ch_app,2,2,0,0,0,0,0
20251211,CMP12,ch_web,4,2,2,0,0,0,0
20251208,CMP12,ch_web,2,2,1,1,1,0,0
20251120,CMP12,ch_web,2,2,1,0,0,0,0
20251225,CMP12,ch_branch,2,2,2,1,1,0,0
20260104,CMP12,ch_web,2,2,1,0,0,0,0
20251105,CMP12,ch_app,3,2,1,0,0,0,0
20251116,CMP12,ch_web,4,2,0,0,0,0,0
20251029,CMP12,ch_web,2,2,1,0,0,1,1
20251213,CMP12,ch_web,2,2,2,0,0,0,0
20251108,CMP12,ch_web,3,2,1,1,1,0,0
20251117,CMP12,ch_app,2,2,1,1,0,0,0
20260101,CMP12,ch_web,3,2,2,0,0,0,0
20251220,CMP12,ch_app,2,2,0,0,0,0,0
20260121,CMP12,ch_web,3,2,0,0,0,0,0
20251202,CMP12,ch_web,3,2,1,1,1,0,0
20260102,CMP12,ch_web,3,2,1,1,1,0,0
20260124,CMP12,ch_app,2,2,1,0,0,0,0
20251104,CMP12,ch_branch,2,2,1,0,0,0,0
20251129,CMP12,ch_web,2,2,2,0,0,0,0
20260125,CMP12,ch_web,2,2,0,0,0,0,0
20260110,CMP12,ch_web,3,3,1,0,0,0,0
20260129,CMP12,ch_web,3,3,0,0,0,0,0
20251115,CMP12,ch_web,3,3,2,0,0,0,0
20251109,CMP12,ch_app,4,3,2,0,0,0,0
20251224,CMP12,ch_web,3,3,2,0,0,0,0
20260123,CMP12,ch_web,3,3,1,0,0,0,0
20260215,CMP12,ch_branch,3,3,1,0,0,0,0
20251230,CMP12,ch_branch,3,3,2,0,0,0,0
20251107,CMP12,ch_web,4,3,2,0,0,0,0